h/l,fc,rhov,rhoh,fyv,fyh,AL,BE,T2B,L2R,R2L,B2T,LC,-10,-9,-8,-7,-6,-5,-4,-3,-2,-1,0,1,2,3,4,5,6,7,8,9,10,DS
2.28,391,0.269,0.251,5416,5416,0.128,1,0.073582,0.046807,0.036449,0.009674,12.3856,2.3219,2.2982,2.2694,2.2335,2.1878,2.1279,2.0469,1.9354,1.7949,1.6915,1.6749,1.4711,1.2668,1.1814,1.1431,1.1217,1.1078,1.098,1.0906,1.0848,1.0801,3
2.26,465,0.536,0.251,6093,5416,0.108,1,0.12736,0.076377,0.081681,0.030696,5.61417,3.0603,3.0317,2.9967,2.9529,2.8967,2.8219,2.718,2.5657,2.3317,2.0306,1.8656,1.6627,1.4523,1.3528,1.308,1.2836,1.2684,1.2578,1.2502,1.2443,1.2398,3
0.875,566.56,0.25,0.25,3915.72,4180.85,0.1,1,0.11397,0.098924,0.035241,0.0202,9.75783,2.406,2.389,2.3683,2.3425,2.3094,2.2657,2.2057,2.1204,1.9997,1.8536,1.6904,1.4589,1.3386,1.2999,1.2835,1.2744,1.2686,1.2646,1.2615,1.2591,1.2572,3
0.875,566.56,0.15,0.15,3915.72,4180.85,0.1,1,0.091999,0.056814,0.063392,0.028207,4.05782,2.513,2.4942,2.4713,2.4428,2.4063,2.3583,2.2927,2.1994,2.0643,1.8919,1.7205,1.5379,1.4036,1.3292,1.2864,1.259,1.24,1.2262,1.2157,1.2075,1.2009,3
1.87,317.33,0.14,0.067,5996,5996,0.1,1,0.15554,0.10732,0.078863,0.030642,5.52876,2.6442,2.6239,2.599,2.5679,2.528,2.4751,2.4025,2.2994,2.1541,1.9818,1.8048,1.5639,1.4303,1.382,1.3608,1.3492,1.3418,1.3367,1.3329,1.33,1.3277,3
1.87,317.33,0.12,0.02,5914,5996,0.1,1,0.15554,0.10732,0.078863,0.030642,5.52876,2.6442,2.6239,2.599,2.5679,2.528,2.4751,2.4025,2.2994,2.1541,1.9818,1.8048,1.5639,1.4303,1.382,1.3608,1.3492,1.3418,1.3367,1.3329,1.33,1.3277,3
2,276,0.357,0.314,3487,3487,0.1,1,0.11011,0.078785,0.046452,0.015127,13.2127,2.786,2.7618,2.7321,2.695,2.6474,2.5842,2.4968,2.3695,2.1811,1.9637,1.7605,1.4002,1.2614,1.2291,1.2175,1.2114,1.2075,1.2047,1.2025,1.2007,1.1993,3
2,276,0.357,0.314,3487,3487,0.1,1,0.16649,0.084029,0.10325,0.020783,9.39525,2.8378,2.8102,2.7767,2.7355,2.6836,2.6168,2.5284,2.4075,2.2377,2.0165,1.7692,1.452,1.3577,1.3336,1.324,1.319,1.3159,1.314,1.3126,1.3117,1.3109,3
2,276,0.357,0.314,3487,3487,0.1,1,0.2676,0.099368,0.21728,0.049042,5.92914,3.0392,3.0109,2.9763,2.9331,2.8775,2.8036,2.7013,2.5516,2.3201,1.9904,1.7036,1.5668,1.5523,1.5511,1.5503,1.5495,1.5488,1.5482,1.5477,1.5473,1.5469,3
1.5,488,0.32,0.32,4000,5000,0.077,1,0.022997,0.018156,0.020184,0.015344,2.08853,2.6391,2.6178,2.5918,2.5593,2.5174,2.4617,2.3843,2.2712,2.0999,1.8874,1.7671,1.7212,1.6961,1.6762,1.6586,1.6422,1.6273,1.6136,1.6015,1.5906,1.5811,1
1.5,488,0.32,0.32,4000,5000,0.077,1,0.03087,0.029716,0.027067,0.025914,1.71411,2.7486,2.7263,2.6989,2.6646,2.6202,2.561,2.4784,2.3576,2.1769,1.962,1.8424,1.7927,1.7632,1.7396,1.7189,1.6999,1.6825,1.6668,1.6527,1.6403,1.6294,1
1.5,488,0.32,0.32,4000,5000,0.077,1,0.029254,0.026978,0.027705,0.025429,1.60046,2.7544,2.7319,2.7043,2.6699,2.6257,2.5671,2.4864,2.3699,2.1977,1.9906,1.869,1.8142,1.7803,1.753,1.7292,1.708,1.6891,1.6724,1.6578,1.645,1.634,2
1.5,488,0.32,0.32,4000,5000,0.077,1,0.034164,0.030689,0.03146,0.027985,1.49578,2.7579,2.7347,2.7065,2.6712,2.6259,2.5659,2.4835,2.3653,2.1939,2.0022,1.8947,1.8428,1.8089,1.7813,1.7574,1.7366,1.7184,1.7027,1.6891,1.6772,1.6669,2
1.5,488,0.32,0.32,4000,5000,0.077,1,0.035203,0.031854,0.032243,0.028894,1.54289,2.7266,2.7047,2.678,2.6445,2.6014,2.5443,2.4656,2.3522,2.1875,1.998,1.8839,1.8306,1.7985,1.7737,1.753,1.7352,1.7195,1.7058,1.6936,1.6829,1.6734,2
2,488,0.32,0.32,4000,5000,0.077,1,0.084018,0.064591,0.050464,0.031037,5.72997,2.6987,2.6771,2.6509,2.6186,2.5777,2.5248,2.4537,2.3545,2.2154,2.0538,1.9085,1.677,1.4216,1.2992,1.2455,1.2166,1.1986,1.1862,1.1772,1.1702,1.1648,3
1.5,488,0.32,0.32,4000,5000,0.077,1,0.036974,0.032287,0.034206,0.029518,1.49164,2.7725,2.7491,2.7205,2.6848,2.639,2.5784,2.4954,2.3767,2.2054,2.0115,1.9018,1.8498,1.8159,1.7881,1.7641,1.743,1.7243,1.7077,1.693,1.6799,1.6683,3
1.5,488,0.32,0.32,4000,5000,0.077,1,0.038432,0.033908,0.034675,0.030151,1.48347,2.7798,2.7564,2.7278,2.692,2.6462,2.5855,2.5022,2.3828,2.2101,2.0145,1.9051,1.8536,1.82,1.7927,1.7692,1.7488,1.731,1.7153,1.7014,1.689,1.678,3
1.5,488,0.32,0.32,4000,5000,0.077,1,0.22978,0.14413,0.13526,0.049606,4.77286,2.9211,2.8974,2.8686,2.8329,2.7875,2.7278,2.6461,2.5285,2.3547,2.1352,1.9124,1.6529,1.532,1.4897,1.47,1.4586,1.4511,1.4458,1.4418,1.4388,1.4364,3
2,471,0.27,0.27,4000,5000,0.073,1,0.017658,0.014133,0.013817,0.010293,2.72872,2.537,2.5158,2.4898,2.4573,2.4157,2.3606,2.2847,2.1754,2.0153,1.8319,1.7373,1.6985,1.6712,1.6452,1.62,1.5962,1.5748,1.556,1.5397,1.5259,1.514,1
2,471,0.27,0.27,4000,5000,0.073,1,0.017715,0.014516,0.013587,0.010388,2.69345,2.635,2.6137,2.5877,2.5551,2.5132,2.4572,2.3788,2.2623,2.0817,1.8567,1.7384,1.7023,1.6787,1.6569,1.6362,1.6174,1.6007,1.5864,1.5742,1.5639,1.555,1
2,471,0.27,0.27,4000,5000,0.073,1,0.022518,0.019034,0.019815,0.016331,2.01041,2.6801,2.6585,2.632,2.5989,2.5563,2.4998,2.4218,2.3095,2.145,1.9456,1.8273,1.7778,1.7481,1.7245,1.7043,1.6864,1.6702,1.6555,1.6422,1.6302,1.6195,1
2,486,0.61,0.61,4140,4140,0.073,1,0.02118,0.017873,0.018355,0.015048,2.32861,2.5843,2.5636,2.5384,2.507,2.4671,2.4146,2.3428,2.2397,2.0869,1.8935,1.7643,1.7071,1.6738,1.6472,1.6236,1.6019,1.582,1.564,1.548,1.5339,1.5216,1
2,471,0.27,0.27,4000,5000,0.073,1,0.02767,0.023602,0.023517,0.019449,1.86647,2.6097,2.5874,2.5601,2.526,2.4824,2.4246,2.345,2.2314,2.0749,1.9284,1.8514,1.8065,1.7758,1.7495,1.7252,1.7022,1.6806,1.6608,1.643,1.6272,1.6134,2
2,471,0.27,0.27,4000,5000,0.073,1,0.030935,0.026391,0.025623,0.021078,1.81055,2.6046,2.5832,2.5571,2.5248,2.4835,2.4292,2.3548,2.2489,2.1,1.9487,1.8671,1.8234,1.7934,1.7676,1.7434,1.7199,1.6975,1.6769,1.6586,1.6428,1.6292,2
2,486,0.61,0.61,4140,4140,0.073,1,0.03008,0.027397,0.028042,0.025359,1.67088,2.8043,2.7807,2.7518,2.7156,2.669,2.6071,2.5211,2.3963,2.212,1.999,1.8784,1.8227,1.7867,1.7576,1.733,1.7116,1.6931,1.677,1.663,1.6509,1.6403,2
2,486,0.61,0.61,4140,4140,0.073,1,0.035857,0.032625,0.032656,0.029424,1.537,2.8035,2.7791,2.7493,2.7118,2.6636,2.5995,2.5107,2.3825,2.1996,2.0118,1.9109,1.8602,1.8265,1.7991,1.776,1.7562,1.7389,1.7238,1.7105,1.6989,1.6887,2
2,486,0.61,0.61,4140,4140,0.073,1,0.048668,0.044323,0.042584,0.038239,1.3979,2.7807,2.7558,2.7253,2.687,2.6378,2.5725,2.4831,2.3583,2.195,2.037,1.9462,1.8975,1.8644,1.838,1.8162,1.798,1.7827,1.7696,1.7585,1.7489,1.7406,3
2,486,0.61,0.61,4140,4140,0.073,1,0.19072,0.12558,0.11998,0.054835,4.46713,2.957,2.9303,2.8977,2.857,2.8051,2.7368,2.6441,2.514,2.3372,2.1492,1.9704,1.7169,1.5431,1.4742,1.4432,1.4257,1.4143,1.4064,1.4004,1.3958,1.3922,3
1,474.17,0.66,0.51,6659,6802,0.07,1,0.011509,0.0075779,0.01232,0.0083882,3.00138,2.1627,2.1463,2.1263,2.1015,2.07,2.0289,1.9737,1.8977,1.7947,1.681,1.6044,1.5625,1.536,1.5164,1.5009,1.4881,1.4771,1.4674,1.4587,1.4507,1.4433,0
1,474.17,0.66,0.68,6659,4864,0.07,1,0.0034941,0.00083001,0.0034425,0.00077833,13.1443,1.6255,1.6144,1.6009,1.584,1.5623,1.5334,1.4934,1.4349,1.3447,1.2209,1.1676,1.1626,1.1497,1.1381,1.1288,1.121,1.1143,1.1083,1.1028,1.0977,1.0929,0
1,474.17,0.66,0.51,6659,6802,0.07,1,0.021733,0.017339,0.022776,0.018382,1.75122,2.5313,2.5109,2.486,2.4547,2.4144,2.3609,2.2874,2.1839,2.0432,1.8955,1.7984,1.7454,1.7123,1.6866,1.6641,1.643,1.6233,1.6052,1.5892,1.5751,1.5629,1
1,474.17,0.66,0.68,6659,4864,0.07,1,0.018827,0.016126,0.018374,0.015673,1.77542,2.5018,2.4835,2.4612,2.4333,2.3975,2.3501,2.2849,2.1915,2.0561,1.8901,1.7714,1.7123,1.6803,1.6575,1.6385,1.6213,1.6051,1.5899,1.576,1.5634,1.5521,1
1,717,0.66,0.51,6659,6802,0.07,1,0.058706,0.055272,0.055903,0.052469,3.01321,2.7658,2.7451,2.7199,2.6884,2.6481,2.5949,2.5216,2.416,2.2597,2.0619,1.884,1.6847,1.5075,1.4065,1.3505,1.3143,1.2885,1.2689,1.2535,1.2411,1.2309,2
1,470,0.36,0.25,6659,6802,0.07,1,0.038886,0.037135,0.042653,0.040902,4.3557,2.7469,2.7251,2.6987,2.6657,2.6237,2.5686,2.4936,2.3874,2.2314,2.0177,1.7993,1.5719,1.3953,1.3057,1.261,1.235,1.2177,1.2052,1.1955,1.1877,1.1812,2
1,240,0.168,0.277,5864,5864,0.07,1,0.12057,0.083263,0.052982,0.01568,12.7684,2.9474,2.9177,2.8815,2.8368,2.7805,2.7076,2.6106,2.4768,2.2876,2.049,1.7679,1.3825,1.2732,1.2477,1.2376,1.2322,1.2287,1.2261,1.2241,1.2226,1.2212,3
1.5,246,0.168,0.277,5864,5864,0.07,1,0.091509,0.050904,0.052007,0.011402,12.3481,2.5084,2.488,2.4632,2.4324,2.3935,2.3425,2.2735,2.1764,2.0403,1.8901,1.7342,1.4177,1.2434,1.1854,1.1591,1.1437,1.1333,1.1257,1.1199,1.1153,1.1115,3
1,474.17,0.66,0.51,6659,6802,0.07,1,0.06349,0.055581,0.051841,0.043932,2.63523,2.767,2.7465,2.7213,2.6899,2.6496,2.5959,2.5216,2.4136,2.2537,2.0582,1.8991,1.7227,1.5453,1.4321,1.3673,1.3256,1.2958,1.2732,1.2555,1.2413,1.2297,3
1,474.17,0.66,0.68,6659,4864,0.07,1,0.056776,0.050831,0.054775,0.04883,2.74255,2.7975,2.7768,2.7514,2.7198,2.6791,2.6251,2.5505,2.4428,2.2838,2.083,1.9049,1.7154,1.5403,1.4343,1.3745,1.3356,1.3073,1.2854,1.2679,1.2536,1.2417,3
1,474.17,0.54,0.51,6659,6802,0.07,1,0.048553,0.042003,0.05106,0.04451,3.5673,2.6802,2.6606,2.6366,2.6065,2.568,2.5172,2.448,2.3503,2.2118,2.0388,1.8585,1.6359,1.4534,1.3638,1.3214,1.2977,1.2826,1.2719,1.2639,1.2575,1.2522,3
1,717,0.36,0.25,6659,6802,0.07,1,0.080146,0.072938,0.070609,0.063401,2.81102,2.9517,2.9294,2.9019,2.8675,2.8229,2.7632,2.6796,2.5564,2.3683,2.1124,1.865,1.6547,1.5319,1.4701,1.4343,1.4095,1.3905,1.3751,1.3621,1.351,1.3413,3
1,474.17,0.36,0.25,6659,6802,0.07,1,0.043486,0.048817,0.040409,0.04574,3.70142,2.705,2.686,2.6628,2.6338,2.5965,2.5468,2.4777,2.376,2.2206,2.0082,1.8148,1.6288,1.4802,1.3974,1.3525,1.3245,1.3049,1.29,1.2781,1.2683,1.2601,3
1,474.17,0.36,0.25,6659,6802,0.07,1,0.099739,0.079737,0.072225,0.052223,2.63717,2.8268,2.8044,2.7771,2.743,2.6994,2.6418,2.5628,2.4496,2.2843,2.0682,1.8567,1.6811,1.5711,1.5008,1.4481,1.4062,1.3734,1.3478,1.3279,1.3121,1.2995,3
1.5,558,0.73,0.73,4140,4140,0.064,1,0.027084,0.02792,0.02782,0.028656,1.67377,2.8098,2.7868,2.7586,2.7234,2.6781,2.618,2.5345,2.4121,2.2253,1.989,1.8495,1.7885,1.7512,1.7221,1.6978,1.6769,1.659,1.6436,1.6305,1.6193,1.6096,1
1.5,558,0.73,0.73,4140,4140,0.064,1,0.033525,0.032358,0.03419,0.033024,1.51114,2.8603,2.8367,2.8077,2.7715,2.7249,2.663,2.5768,2.4498,2.2541,2.0121,1.8834,1.8275,1.792,1.764,1.7409,1.7215,1.7051,1.6912,1.6794,1.6693,1.6606,2
1.5,558,0.73,0.73,4140,4140,0.064,1,0.037997,0.036169,0.040578,0.038749,1.44916,2.9129,2.8889,2.8594,2.8223,2.7745,2.7107,2.6212,2.4881,2.2819,2.0334,1.9021,1.8461,1.8115,1.7846,1.7624,1.7434,1.727,1.7126,1.6998,1.6885,1.6784,2
1.5,558,0.73,0.73,4140,4140,0.064,1,0.038685,0.036997,0.041102,0.039414,1.42791,2.8207,2.7978,2.7697,2.7347,2.6898,2.6301,2.547,2.4244,2.2373,2.0231,1.9067,1.8515,1.8164,1.789,1.7664,1.7472,1.7307,1.7163,1.7037,1.6924,1.6824,2
1.5,558,0.73,0.73,4140,4140,0.064,1,0.043027,0.039885,0.043916,0.040774,1.39401,2.7051,2.6831,2.6562,2.6228,2.5803,2.5249,2.4501,2.3457,2.1985,2.0283,1.9188,1.8638,1.829,1.8019,1.7795,1.7606,1.7444,1.7304,1.7182,1.7076,1.6983,3
2.28,400,0.536,0.251,5104,5104,0.058,1,0.083037,0.058758,0.061477,0.037198,1.95789,2.931,2.9059,2.8751,2.8368,2.7875,2.722,2.6312,2.4984,2.2951,2.0338,1.9167,1.8375,1.6954,1.5262,1.4134,1.3464,1.3038,1.2744,1.2529,1.2364,1.2234,3
2.28,413,0.302,0.251,5062,5062,0.057,1,0.055426,0.032735,0.038573,0.015882,4.19209,2.6483,2.6238,2.5939,2.5564,2.5084,2.4449,2.3575,2.2317,2.051,1.8692,1.7975,1.6943,1.4826,1.3001,1.2005,1.1443,1.1087,1.0843,1.0665,1.0529,1.0422,3
2.28,417,0.536,0.251,6093,5416,0.057,1,0.091519,0.053452,0.067454,0.029388,4.21211,2.6457,2.6213,2.5917,2.5547,2.5075,2.4452,2.3601,2.2402,2.0791,1.943,1.8808,1.7267,1.4972,1.3523,1.2832,1.2459,1.2229,1.2073,1.196,1.1875,1.1808,3
1.4,411,0.24,0.24,4874,4874,0.051,1,0.016077,0.014062,0.015353,0.013339,2.33721,2.5917,2.5704,2.5445,2.512,2.4703,2.415,2.339,2.2308,2.0766,1.901,1.7975,1.749,1.718,1.6919,1.6682,1.6466,1.6271,1.6099,1.5948,1.5816,1.5701,2
1.4,411,0.384,0.384,4782,4782,0.051,1,0.025898,0.023461,0.023268,0.02083,1.87909,2.8847,2.8608,2.8315,2.7948,2.7473,2.6839,2.5954,2.4646,2.2619,2.0011,1.8708,1.8224,1.7876,1.7578,1.7322,1.7106,1.6925,1.6772,1.6642,1.653,1.6433,2
1.4,411,0.384,0.384,4782,4782,0.051,1,0.022379,0.020967,0.020474,0.019062,1.89015,2.7079,2.6848,2.6564,2.6211,2.5759,2.5163,2.4346,2.318,2.1509,1.9663,1.8597,1.8075,1.7733,1.7451,1.7208,1.6994,1.6808,1.6646,1.6504,1.6379,1.6269,2
2.28,459,0.302,0.251,6091,6091,0.051,1,0.038084,0.025596,0.02475,0.012262,2.73033,2.5372,2.5144,2.4864,2.4516,2.4068,2.3474,2.2651,2.1446,1.9623,1.7693,1.7681,1.7379,1.6293,1.4794,1.3686,1.3001,1.2562,1.226,1.204,1.1873,1.1742,3
0.9,179.4,0.284,0.284,4945.64,4945.64,0.04,1,0.071939,0.035987,0.051694,0.015742,11.2064,2.8078,2.7846,2.7565,2.7218,2.6777,2.6202,2.5424,2.4322,2.273,2.0793,1.878,1.4897,1.2258,1.148,1.1175,1.1008,1.0899,1.0819,1.0758,1.071,1.067,2
1.5,575,0.61,0.61,4140,4140,0.016,1,0.030578,0.02997,0.030877,0.030269,1.60076,2.6828,2.6598,2.6318,2.5968,2.5522,2.4935,2.414,2.3031,2.1516,1.986,1.876,1.8164,1.7774,1.7463,1.7201,1.6977,1.6786,1.6623,1.6484,1.6366,1.6265,1
1.5,575,0.61,0.61,4140,4140,0.016,1,0.035289,0.033587,0.035439,0.033736,1.48865,2.7509,2.7263,2.6962,2.6586,2.6105,2.5469,2.4602,2.339,2.1758,2.0062,1.8996,1.8428,1.8058,1.7765,1.7522,1.7317,1.7142,1.6992,1.6865,1.6755,1.6661,1
1.5,575,0.61,0.61,4140,4140,0.016,1,0.040157,0.037372,0.037787,0.035003,1.42578,2.6723,2.6496,2.6218,2.5873,2.5432,2.4856,2.4081,2.3019,2.1616,2.0125,1.9155,1.8623,1.8266,1.7981,1.7743,1.7542,1.7373,1.723,1.7109,1.7006,1.6917,1
1.5,575,0.61,0.61,4140,4140,0.016,1,0.044406,0.041782,0.041434,0.03881,1.35521,2.6792,2.6562,2.6281,2.5931,2.5485,2.4902,2.412,2.3056,2.1674,2.0246,1.9333,1.8827,1.849,1.8221,1.7999,1.7813,1.7655,1.7521,1.7406,1.7307,1.7221,1
1.5,575,0.61,0.61,4140,4140,0.016,1,0.066142,0.059186,0.052126,0.04517,2.20788,2.7363,2.7128,2.6842,2.6488,2.604,2.5457,2.4679,2.3618,2.2194,2.0623,1.9454,1.8325,1.6751,1.5227,1.4274,1.3716,1.3367,1.313,1.296,1.2831,1.273,2
1.2,411,0.292,0.289,5906,5906,0.013,1,0.014968,0.009872,0.011006,0.0059104,4.1537,2.1972,2.1792,2.1572,2.1298,2.0949,2.049,1.9864,1.8978,1.774,1.6484,1.6141,1.6018,1.573,1.5466,1.5256,1.509,1.4957,1.4849,1.4759,1.4683,1.4618,0
1.2,411,0.292,0.289,5906,5906,0.013,1,0.021875,0.016026,0.01607,0.010221,2.85802,2.4652,2.4456,2.4215,2.3915,2.353,2.3021,2.2321,2.132,1.9873,1.8208,1.7323,1.6982,1.672,1.6486,1.6288,1.612,1.5976,1.5849,1.5736,1.5634,1.5541,0
1.2,411,0.292,0.289,5906,5906,0.013,1,0.030842,0.02207,0.023971,0.015199,2.36527,2.6634,2.6409,2.6136,2.5794,2.5355,2.4775,2.3976,2.2819,2.1088,1.8996,1.7892,1.7503,1.7272,1.7082,1.6923,1.679,1.6676,1.6578,1.6491,1.6414,1.6346,1
1.2,411,0.292,0.289,5906,5906,0.013,1,0.03677,0.026931,0.027936,0.018097,2.17919,2.7374,2.7136,2.6846,2.6483,2.602,2.5406,2.4558,2.3323,2.1448,1.9169,1.8085,1.7746,1.754,1.736,1.7204,1.7069,1.6954,1.6855,1.6768,1.6691,1.6624,1
1.2,300,0.292,0.289,4338,4338,0.012,1,0.011103,0.0083324,0.008847,0.0060766,3.91614,2.3565,2.3384,2.3161,2.2883,2.2525,2.2048,2.1387,2.0427,1.8993,1.7138,1.6012,1.5681,1.5503,1.5331,1.516,1.4995,1.4843,1.4706,1.4585,1.448,1.4387,0
1.2,300,0.292,0.289,4338,4338,0.012,1,0.018418,0.013672,0.014494,0.0097479,2.79587,2.5464,2.5258,2.5006,2.469,2.4285,2.3747,2.3004,2.1931,2.0342,1.835,1.7195,1.68,1.6556,1.6338,1.6141,1.5966,1.5813,1.5679,1.5563,1.5461,1.5371,0
1.2,300,0.292,0.289,4338,4338,0.012,1,0.027045,0.020968,0.02021,0.014133,2.41005,2.7039,2.6808,2.6525,2.617,2.5716,2.5114,2.4286,2.3099,2.135,1.909,1.7749,1.7345,1.7106,1.6895,1.6706,1.654,1.6394,1.6267,1.6156,1.6058,1.5972,1
1,304,0.92,1.05,5200,5200,0.012,1,0.00887,0.0053371,0.0080677,0.0045349,4.89662,2.307,2.2855,2.2595,2.2272,2.1863,2.1333,2.0627,1.966,1.8338,1.6896,1.6316,1.6111,1.5932,1.5768,1.5611,1.5459,1.5315,1.5184,1.5067,1.4966,1.4878,1
1,304,0.92,1.05,5200,5200,0.012,1,0.01315,0.008843,0.011432,0.0071253,3.42721,2.5492,2.5261,2.4981,2.4635,2.4197,2.3627,2.2863,2.1795,2.0271,1.8447,1.7399,1.7011,1.6774,1.6571,1.6388,1.6223,1.6074,1.5941,1.5825,1.5722,1.5631,1
1,343,1.05,1.05,5200,5200,0.012,1,0.014566,0.010381,0.010336,0.0061507,3.54509,2.2694,2.2511,2.2287,2.2009,2.1654,2.1192,2.0567,1.9695,1.8451,1.6948,1.6118,1.5896,1.5741,1.5561,1.5366,1.5168,1.4978,1.4804,1.4649,1.4513,1.4395,1
1,343,1.05,1.05,5200,5200,0.012,1,0.02223,0.01786,0.017286,0.012916,2.20209,2.6298,2.6086,2.5826,2.5502,2.5087,2.4538,2.3786,2.2712,2.1124,1.9015,1.764,1.7187,1.696,1.6776,1.6604,1.6442,1.629,1.6152,1.6028,1.5917,1.5819,1
1,377,0.92,1.05,5200,5200,0.012,1,0.0068909,0.0042777,0.0046545,0.0020412,6.84425,2.1733,2.1544,2.1314,2.1026,2.0658,2.017,1.95,1.8542,1.7174,1.5777,1.5367,1.5276,1.5147,1.5011,1.4878,1.4747,1.4617,1.4489,1.4365,1.4248,1.4141,1
1,377,0.92,1.05,5200,5200,0.012,1,0.010966,0.0083649,0.0077026,0.0051013,4.14565,2.4429,2.4215,2.3955,2.3632,2.322,2.2681,2.1946,2.09,1.9397,1.7672,1.676,1.6478,1.629,1.6083,1.5862,1.5636,1.5416,1.521,1.5023,1.4859,1.4716,1
1,377,0.92,1.05,5200,5200,0.012,1,0.012706,0.0097131,0.0084467,0.005454,4.21878,2.4675,2.4458,2.4195,2.3868,2.3451,2.2904,2.2157,2.1096,1.9568,1.7819,1.6893,1.6513,1.6127,1.5629,1.5079,1.4567,1.4144,1.3813,1.3555,1.3352,1.319,1
1,313,0.92,1.05,5200,5200,0.012,1,0.016817,0.012377,0.015933,0.011494,3.05642,2.8036,2.7797,2.7504,2.7137,2.6664,2.6033,2.5155,2.3868,2.1899,1.9297,1.7759,1.7219,1.6918,1.6674,1.6449,1.6232,1.6028,1.5841,1.5676,1.5531,1.5406,1
1,313,0.92,1.05,5200,5200,0.012,1,0.022292,0.016272,0.020025,0.014005,2.82285,2.8793,2.8535,2.8221,2.7827,2.7321,2.6649,2.5718,2.436,2.2306,1.9612,1.8018,1.7437,1.7104,1.6846,1.6628,1.6441,1.628,1.614,1.6017,1.5908,1.5813,1
1,338,0.92,1.05,5200,5200,0.012,1,0.012291,0.0083257,0.0089829,0.0050171,4.12557,2.1241,2.1063,2.0845,2.0572,2.022,1.9751,1.91,1.8154,1.6792,1.5532,1.5454,1.5542,1.5417,1.5212,1.4991,1.478,1.4591,1.443,1.4294,1.4181,1.4086,1
1,338,0.92,1.05,5200,5200,0.012,1,0.021832,0.016795,0.018213,0.013177,2.33091,2.4464,2.4266,2.4024,2.3722,2.3332,2.2811,2.2082,2.1006,1.9424,1.7926,1.739,1.7113,1.6905,1.6709,1.6524,1.6354,1.6203,1.6071,1.5955,1.5853,1.5763,1
1,338,0.92,1.05,5200,5200,0.012,1,0.058685,0.05341,0.02498,0.019704,9.83799,2.633,2.6113,2.5848,2.5516,2.5088,2.4516,2.3716,2.2541,2.0811,1.9059,1.7912,1.554,1.3026,1.1976,1.1523,1.1272,1.111,1.0996,1.0911,1.0845,1.0792,1
1,304,0.92,1.05,5200,5200,0.012,1,0.021705,0.017058,0.013569,0.0089213,6.95224,2.656,2.6324,2.6037,2.568,2.5226,2.4631,2.3824,2.2692,2.1088,1.9199,1.7938,1.6418,1.3373,1.1131,1.0068,0.94898,0.91286,0.88826,0.87046,0.85702,0.84652,2
1,304,0.92,1.05,5200,5200,0.012,1,0.036137,0.030843,0.01691,0.011615,10.1911,2.7502,2.7266,2.6977,2.6618,2.6161,2.556,2.4741,2.3573,2.1864,1.9719,1.8099,1.5846,1.3318,1.197,1.1248,1.0792,1.0479,1.0254,1.0086,0.99569,0.98547,2
1,343,1.05,1.05,5200,5200,0.012,1,0.023681,0.019137,0.017911,0.013367,2.19282,2.6407,2.6194,2.5934,2.5609,2.5193,2.4642,2.3887,2.2806,2.1208,1.9078,1.7695,1.7256,1.7043,1.687,1.6708,1.6555,1.6411,1.6278,1.6158,1.605,1.5953,2
1,377,0.92,1.05,5200,5200,0.012,1,0.019141,0.01677,0.010345,0.0079742,7.15997,2.6865,2.6639,2.6363,2.6018,2.5576,2.4991,2.4186,2.3024,2.1296,1.9146,1.7696,1.5956,1.2304,0.99234,0.89344,0.84411,0.81501,0.79586,0.78231,0.77221,0.76438,2
1,377,0.92,1.05,5200,5200,0.012,1,0.039134,0.036501,0.01247,0.0098369,17.9212,2.7972,2.7735,2.7446,2.7084,2.662,2.6007,2.5161,2.3943,2.2129,1.9804,1.7817,1.4392,1.146,1.0479,1.0068,0.98385,0.96885,0.95819,0.95017,0.9439,0.93883,2
1,374,0.92,1.05,5200,5200,0.012,1,0.044714,0.039742,0.020566,0.015594,12.9058,2.9583,2.9327,2.9015,2.8625,2.8125,2.7461,2.6543,2.5212,2.3198,2.0509,1.8331,1.5215,1.2355,1.1271,1.08,1.053,1.035,1.022,1.0121,1.0043,0.99801,2
1,377,0.92,1.05,5200,5200,0.012,1,0.081196,0.047497,0.047147,0.013449,14.1348,2.9207,2.8958,2.8653,2.8272,2.7784,2.7138,2.6248,2.4964,2.3046,2.0513,1.7901,1.4048,1.2292,1.1727,1.146,1.1299,1.1189,1.1109,1.1046,1.0997,1.0956,3
1,330,0.92,1.05,5200,5200,0.012,1,0.099454,0.060852,0.058401,0.0198,11.7702,3.2125,3.1864,3.1543,3.1142,3.0623,2.9928,2.8953,2.7499,2.5183,2.1698,1.8551,1.4522,1.2584,1.2015,1.1766,1.1624,1.153,1.1463,1.1413,1.1374,1.1342,3
1,341,0.92,1.05,5200,5200,0.012,1,0.046743,0.018178,0.044051,0.015486,10.5606,2.9774,2.9513,2.9193,2.8794,2.8282,2.7601,2.666,2.5292,2.3237,2.0525,1.8442,1.5615,1.2406,1.1131,1.0617,1.0344,1.0174,1.0058,0.99723,0.99071,0.98557,3
1,341,0.92,1.05,5200,5200,0.012,1,0.11585,0.04709,0.093003,0.024242,9.33466,3.1151,3.0831,3.0441,2.9957,2.934,2.8535,2.7456,2.5973,2.391,2.1303,1.8714,1.5449,1.384,1.3324,1.3088,1.2946,1.2849,1.2778,1.2723,1.268,1.2644,3
1,358,0.92,1.05,5200,5200,0.012,1,0.021114,0.017684,0.016524,0.013094,2.85912,2.833,2.8107,2.7835,2.7495,2.7058,2.6478,2.5668,2.4469,2.2567,1.9849,1.814,1.7481,1.7082,1.6767,1.6506,1.6289,1.6107,1.5953,1.5823,1.5711,1.5615,3
1.2,368,0.295,0.289,5906,5906,0.01,1,0.005232,0.0034817,0.0036838,0.0019335,8.27237,1.5428,1.5311,1.5171,1.5002,1.4794,1.4532,1.4194,1.3758,1.3248,1.3066,1.3863,1.3719,1.3384,1.3138,1.2949,1.2795,1.2664,1.2552,1.2454,1.2368,1.2293,0
1.2,350,1.63,0.289,3607,3607,0.01,1,0.0179,0.01173,0.012911,0.0067423,2.82466,2.2278,2.2089,2.186,2.1577,2.1216,2.0745,2.011,1.9233,1.8077,1.7062,1.6813,1.6793,1.6662,1.6482,1.6297,1.6122,1.5963,1.5822,1.5699,1.5593,1.5499,0
1.2,368,0.295,0.289,5906,5906,0.01,1,0.024909,0.019001,0.018548,0.01264,2.77798,2.5733,2.552,2.526,2.4934,2.4516,2.3961,2.3192,2.207,2.0385,1.8337,1.7319,1.7,1.68,1.6626,1.6475,1.6346,1.6235,1.6138,1.6052,1.5975,1.5906,1
1.2,368,0.295,0.289,5906,5906,0.01,1,0.030651,0.022435,0.023252,0.015036,2.54223,2.6272,2.6041,2.5758,2.5404,2.495,2.4348,2.3516,2.2311,2.0543,1.8567,1.7641,1.7318,1.7109,1.6932,1.6783,1.6658,1.655,1.6456,1.6371,1.6294,1.6222,1
1.2,350,1.63,0.289,3607,3607,0.01,1,0.029534,0.020326,0.022118,0.01291,1.97931,2.7222,2.6983,2.669,2.6324,2.5855,2.5233,2.4373,2.3122,2.1235,1.8953,1.8012,1.7862,1.772,1.7538,1.735,1.7177,1.7026,1.6896,1.6785,1.6689,1.6606,1
1.2,350,1.63,0.289,3607,3607,0.01,1,0.039255,0.027085,0.029112,0.016942,1.89887,2.7185,2.6924,2.6607,2.6211,2.5705,2.504,2.4132,2.2841,2.0992,1.9028,1.8214,1.8103,1.7988,1.7839,1.7689,1.7552,1.7431,1.7325,1.7232,1.715,1.7076,1
1.2,350,1.63,0.289,3607,3607,0.01,1,0.046368,0.031931,0.034476,0.020038,1.86772,2.7686,2.742,2.7095,2.669,2.6171,2.5485,2.4546,2.32,2.1254,1.9146,1.8284,1.8197,1.811,1.7988,1.7865,1.7752,1.7651,1.7562,1.7482,1.7411,1.7346,2
1.2,350,1.63,0.289,3607,3607,0.01,1,0.06235,0.042042,0.045401,0.025093,1.93751,2.9475,2.9192,2.8845,2.8413,2.786,2.7129,2.6123,2.4674,2.2529,1.9835,1.8463,1.8271,1.8095,1.7894,1.7707,1.7545,1.7406,1.7288,1.7187,1.7099,1.7023,2
2,369,0.39,0.31,4690,4690,0,1,0.010674,0.0072944,0.0078462,0.0044665,4.66145,2.3136,2.2939,2.2698,2.2397,2.201,2.1496,2.0782,1.9736,1.8162,1.64,1.5849,1.5823,1.5749,1.5623,1.5475,1.5319,1.5164,1.5017,1.4883,1.4764,1.4658,0
2,318,0.31,0.47,4690,4690,0,1,0.011793,0.0094877,0.0095934,0.0072884,4.00665,2.4613,2.4396,2.4131,2.3799,2.3372,2.2803,2.2011,2.0857,1.9157,1.724,1.621,1.5795,1.5538,1.5305,1.5076,1.4853,1.4644,1.4453,1.4285,1.4138,1.4011,0
2,386,0.31,0.31,4690,4690,0,1,0.00842,0.0071305,0.0049011,0.0036115,6.0112,2.012,1.9941,1.9722,1.9449,1.9101,1.8641,1.8013,1.7138,1.5989,1.4999,1.4741,1.482,1.4831,1.4748,1.4615,1.446,1.4303,1.4155,1.4021,1.3901,1.3797,0
2,320,0.39,0.47,4690,4690,0,1,0.0094325,0.0073809,0.0063367,0.0042851,5.1284,2.0081,1.9933,1.9753,1.953,1.9244,1.8869,1.8357,1.7632,1.6616,1.5629,1.5459,1.5389,1.5207,1.4997,1.4779,1.4565,1.4365,1.4187,1.4033,1.39,1.3787,0
2,458,0.31,0.31,4690,4690,0,1,0.0079911,0.0055691,0.0054974,0.0030754,6.53105,2.2115,2.1917,2.1676,2.1376,2.0994,2.0493,1.9811,1.8842,1.7433,1.5824,1.5137,1.4964,1.4821,1.4667,1.4511,1.4358,1.4214,1.4078,1.3952,1.3835,1.3728,0
2,389,0.31,0.31,4690,4690,0,1,0.0081612,0.0053418,0.0053432,0.0025238,6.36329,2.3466,2.3245,2.2976,2.264,2.221,2.1638,2.0848,1.971,1.8088,1.6352,1.5448,1.504,1.4775,1.4549,1.4338,1.4139,1.3956,1.3791,1.3646,1.3521,1.3413,0
0.56,317.13,0.66,0.66,3844.34,3844.34,0,1,0.025159,0.030816,0.020142,0.0258,1.68837,2.4011,2.3848,2.3649,2.3402,2.3088,2.2677,2.212,2.1342,2.0275,1.9093,1.8223,1.7701,1.7357,1.7076,1.6834,1.6622,1.6436,1.6273,1.6131,1.6005,1.5895,0
0.56,317.13,1.32,1.32,3844.34,3844.34,0,1,0.029659,0.032733,0.022274,0.025348,1.6067,2.4988,2.4814,2.4601,2.4335,2.3992,2.3535,2.2899,2.1974,2.0622,1.9121,1.8247,1.7787,1.7485,1.7246,1.7042,1.6865,1.6709,1.6573,1.6453,1.6348,1.6255,0
1,252.9,0,0.25,0,4570,0,1,0.012098,0.011994,0.011244,0.01114,3.40556,2.3985,2.3796,2.3565,2.3274,2.2899,2.2403,2.1721,2.0746,1.9311,1.7432,1.6001,1.5313,1.4918,1.4617,1.4363,1.4144,1.3955,1.3792,1.3653,1.3534,1.3431,0
2,352,0.31,0.31,4690,4690,0,1,0.0083386,0.0060818,0.0062129,0.0039562,6.01226,2.2367,2.2174,2.1939,2.1646,2.1269,2.0771,2.0084,1.9089,1.7621,1.5942,1.514,1.4921,1.4779,1.4601,1.4389,1.4165,1.395,1.3756,1.3588,1.3442,1.3318,1
2,352,0.31,0.31,4690,4690,0,1,0.02141,0.016505,0.017346,0.012441,4.44634,2.4771,2.4559,2.43,2.3976,2.3562,2.3013,2.2261,2.1193,1.9704,1.8182,1.7308,1.6356,1.4718,1.2971,1.186,1.1199,1.0776,1.0484,1.0272,1.0112,0.99857,1
2,369,0.39,0.31,4690,4690,0,1,0.017942,0.01493,0.01537,0.012358,2.64714,2.5596,2.5401,2.5162,2.4863,2.4478,2.3965,2.3251,2.2203,2.061,1.8682,1.7675,1.7236,1.6925,1.6637,1.6367,1.612,1.5903,1.5716,1.5556,1.5419,1.5301,1
2,369,0.39,0.31,4690,4690,0,1,0.02787,0.023969,0.024047,0.020145,2.66797,2.799,2.7773,2.7506,2.7172,2.6742,2.6169,2.5366,2.4176,2.2313,1.9879,1.8515,1.7781,1.6866,1.5611,1.4488,1.3716,1.3201,1.2845,1.2586,1.239,1.2236,1
2,318,0.31,0.47,4690,4690,0,1,0.02143,0.018959,0.018692,0.016222,2.45132,2.7038,2.6808,2.6527,2.6175,2.5722,2.512,2.4283,2.3068,2.1264,1.9119,1.7875,1.7293,1.6883,1.6523,1.6206,1.5931,1.5697,1.5498,1.5328,1.5183,1.5058,1
2,318,0.31,0.47,4690,4690,0,1,0.030665,0.027618,0.024605,0.021558,2.18793,2.754,2.7322,2.7056,2.6722,2.6293,2.5719,2.4919,2.3738,2.1925,1.9648,1.8381,1.7749,1.7222,1.6591,1.585,1.5187,1.4684,1.4313,1.4035,1.3822,1.3654,1
2,318,0.31,0.47,4690,4690,0,1,0.052027,0.051076,0.046511,0.045561,3.13707,2.952,2.9271,2.8966,2.8584,2.8092,2.7439,2.6534,2.5209,2.3176,2.0475,1.8457,1.7062,1.5877,1.4783,1.3883,1.3228,1.2765,1.2433,1.2186,1.1997,1.1849,1
2,386,0.31,0.31,4690,4690,0,1,0.012018,0.0097762,0.010064,0.0078218,3.60132,2.4005,2.3786,2.3517,2.3181,2.2748,2.2175,2.1387,2.0276,1.8786,1.7336,1.6547,1.6194,1.5979,1.5793,1.5614,1.544,1.5273,1.5117,1.4975,1.4848,1.4735,1
2,386,0.31,0.31,4690,4690,0,1,0.020911,0.020374,0.016884,0.016347,2.38124,2.6973,2.6731,2.6435,2.6064,2.5587,2.4954,2.4078,2.2819,2.1012,1.9036,1.7989,1.7493,1.7142,1.6838,1.6573,1.6348,1.6157,1.5998,1.5863,1.5749,1.565,1
2,320,0.39,0.47,4690,4690,0,1,0.0186,0.017712,0.014431,0.013543,3.69335,2.6877,2.666,2.6395,2.6064,2.5639,2.5075,2.4292,2.3143,2.1371,1.8974,1.7452,1.6688,1.5829,1.4697,1.3703,1.3027,1.2583,1.2279,1.2058,1.1892,1.1761,1
2,320,0.39,0.47,4690,4690,0,1,0.027724,0.022891,0.023118,0.018285,2.97566,2.7769,2.7544,2.727,2.6927,2.6487,2.5902,2.5089,2.3898,2.2062,1.963,1.814,1.7346,1.6534,1.5619,1.4817,1.4222,1.3797,1.3489,1.3259,1.3082,1.2941,1
2,320,0.39,0.47,4690,4690,0,1,0.04705,0.037283,0.036829,0.027062,3.13325,2.8835,2.8605,2.8322,2.7968,2.7512,2.6904,2.6057,2.4806,2.2853,2.0139,1.8416,1.7393,1.6363,1.5436,1.4742,1.4243,1.3879,1.3605,1.3393,1.3224,1.3086,1
2,458,0.31,0.31,4690,4690,0,1,0.018401,0.015642,0.014574,0.011816,2.70478,2.492,2.4717,2.4468,2.4157,2.3757,2.3228,2.2501,2.1465,1.9998,1.8394,1.7496,1.7096,1.6833,1.6595,1.6365,1.6147,1.5949,1.5775,1.5624,1.5495,1.5384,1
2,458,0.31,0.31,4690,4690,0,1,0.023294,0.020759,0.0206,0.018065,2.16476,2.6739,2.6524,2.626,2.5931,2.5508,2.4946,2.4167,2.3037,2.1368,1.9429,1.8287,1.7741,1.737,1.7055,1.6783,1.655,1.6353,1.6185,1.6041,1.5918,1.5812,1
2,458,0.31,0.31,4690,4690,0,1,0.03849,0.032235,0.032721,0.026467,2.86736,2.8489,2.8267,2.7997,2.7657,2.7219,2.6634,2.5817,2.461,2.275,2.0385,1.8815,1.7691,1.6386,1.5018,1.3954,1.3217,1.2707,1.2344,1.2076,1.1873,1.1714,1
2,389,0.31,0.31,4690,4690,0,1,0.018282,0.015178,0.016446,0.013342,2.48345,2.5777,2.5561,2.5297,2.4966,2.4541,2.3974,2.3186,2.2033,2.0326,1.8561,1.7719,1.7281,1.6953,1.6664,1.641,1.6191,1.6005,1.5849,1.5718,1.5606,1.5511,1
2,389,0.31,0.31,4690,4690,0,1,0.024901,0.022146,0.022311,0.019555,2.00861,2.7936,2.771,2.7434,2.7087,2.664,2.6042,2.5203,2.3953,2.2003,1.9622,1.8469,1.7951,1.7577,1.7266,1.7012,1.6807,1.6643,1.6509,1.6399,1.6307,1.6228,1
0.75,458.9,0.59,0.8,4591.06,4591.06,0,1,0.014395,0.014271,0.012683,0.012559,2.27309,2.4425,2.4235,2.4002,2.3709,2.3331,2.2829,2.2139,2.1162,1.9796,1.8215,1.7114,1.6552,1.6221,1.5973,1.5768,1.559,1.5433,1.5294,1.5171,1.5064,1.4971,1
0.75,458.9,0.59,0.8,4591.06,4591.06,0,1,0.016854,0.016857,0.0138,0.013803,2.12866,2.4353,2.4168,2.394,2.3656,2.329,2.2807,2.2148,2.1221,1.9934,1.8477,1.7454,1.6884,1.6548,1.6307,1.6116,1.5958,1.5825,1.5711,1.5614,1.553,1.5457,1
1,458.9,0.51,0.8,4591.06,4591.06,0,1,0.010925,0.0097628,0.0071516,0.0059894,3.10914,2.1738,2.1602,2.1435,2.1226,2.0959,2.0604,2.0113,1.94,1.8318,1.6855,1.5777,1.5304,1.5071,1.492,1.4806,1.471,1.4624,1.4545,1.4473,1.4406,1.4345,1
0.5,254.93,0.59,0.26,4436.38,4330.92,0,1,0.0062213,0.0089268,0.006448,0.0091535,3.50088,2.2015,2.1847,2.1641,2.1382,2.1047,2.0598,1.9972,1.9055,1.7694,1.6047,1.5017,1.4579,1.4347,1.4187,1.4061,1.3953,1.3859,1.3776,1.3702,1.3636,1.3577,1
0.5,254.93,0.59,0.26,4436.38,4330.92,0,1,0.0087739,0.013203,0.011042,0.015471,2.59399,2.2417,2.225,2.2047,2.1792,2.1467,2.1037,2.0452,1.9631,1.8502,1.7256,1.6429,1.5983,1.5706,1.5493,1.5308,1.514,1.4985,1.4844,1.4716,1.4601,1.45,1
0.56,317.13,0.66,0.66,3844.34,3844.34,0,1,0.028604,0.032889,0.024506,0.028791,1.53689,2.604,2.584,2.5594,2.5287,2.4893,2.4374,2.3665,2.2665,2.1254,1.9625,1.854,1.7991,1.7645,1.7364,1.7122,1.6911,1.6728,1.6569,1.643,1.6309,1.6203,1
1.38,256.97,0,0.25,0,4570,0,1,0.0099968,0.0094688,0.010481,0.009953,2.9296,2.1927,2.1737,2.1506,2.1221,2.0861,2.0398,1.979,1.8989,1.7994,1.6989,1.6225,1.5736,1.5422,1.5186,1.4991,1.4822,1.4671,1.4535,1.4413,1.4304,1.4206,1
1.38,256.97,0,0.25,0,4570,0,1,0.013205,0.0122,0.014321,0.013316,2.57028,2.3392,2.3204,2.2974,2.2687,2.2319,2.1834,2.1174,2.0244,1.8939,1.7534,1.6846,1.6324,1.5992,1.5744,1.5542,1.5372,1.5225,1.5096,1.4983,1.4882,1.4793,1
1.38,256.97,0,0.25,0,4570,0,1,0.019796,0.018996,0.020109,0.019309,1.98335,2.5762,2.5554,2.53,2.4983,2.4578,2.4043,2.3311,2.2265,2.0741,1.8901,1.779,1.7241,1.6883,1.6599,1.6363,1.6163,1.5994,1.5849,1.5726,1.5621,1.5531,1
1.38,256.97,0,0.25,0,4570,0,1,0.031452,0.032667,0.0333,0.034515,2.67898,2.7112,2.6893,2.6625,2.6288,2.5855,2.528,2.4486,2.3346,2.1707,1.9792,1.8281,1.6967,1.577,1.4899,1.4354,1.4004,1.3761,1.358,1.3438,1.3322,1.3226,1
1,252.9,0,0.25,0,4570,0,1,0.020994,0.021004,0.021392,0.021402,2.11511,2.5837,2.5628,2.5372,2.5053,2.4647,2.4111,2.3379,2.2334,2.0803,1.8882,1.7597,1.6981,1.6601,1.6309,1.6068,1.5866,1.5693,1.5546,1.5419,1.531,1.5216,1
1,252.9,0,0.25,0,4570,0,1,0.015536,0.013928,0.015699,0.01409,2.83558,2.4753,2.4552,2.4306,2.3999,2.3606,2.3087,2.2378,2.137,1.9903,1.8019,1.6661,1.6016,1.564,1.5358,1.5128,1.4933,1.4768,1.4628,1.4508,1.4407,1.4319,1
1,252.9,0,0.25,0,4570,0,1,0.019982,0.019663,0.019886,0.019567,2.12506,2.5651,2.5444,2.5191,2.4876,2.4474,2.3946,2.3223,2.2191,2.0682,1.8791,1.7508,1.6882,1.6501,1.6212,1.5978,1.5781,1.5615,1.5472,1.535,1.5245,1.5153,1
1,260,0.413,0.278,4324,4324,0,1,0.0022274,0.001776,0.0023972,0.0019458,11.386,1.6232,1.6108,1.5956,1.5766,1.5523,1.5204,1.4765,1.4136,1.3208,1.2034,1.1307,1.0927,1.0671,1.0494,1.0364,1.0263,1.0183,1.0117,1.0061,1.0013,0.99715,1
1,320,0.4,0.278,4324,4324,0,1,0.0040448,0.0049995,0.0034615,0.0044162,5.19777,1.9512,1.9355,1.9163,1.8923,1.8614,1.8203,1.7637,1.6826,1.5664,1.4282,1.3395,1.3118,1.305,1.3025,1.3006,1.2984,1.296,1.2935,1.2908,1.2881,1.2854,1
1,471,0.71,0.71,6735.4,6735.4,0,1,0.027441,0.024297,0.02579,0.022646,1.61013,2.4238,2.4056,2.3833,2.3554,2.3196,2.2721,2.2071,2.115,1.9869,1.8453,1.7498,1.6973,1.6639,1.6374,1.6141,1.5931,1.5743,1.5577,1.5433,1.531,1.5204,1
1,471,0.83,0.83,6454,6454,0,1,0.036516,0.035624,0.031622,0.03073,1.45853,2.5154,2.4992,2.4791,2.4539,2.4211,2.3772,2.3157,2.226,2.0941,1.9352,1.823,1.764,1.7276,1.6988,1.6739,1.6519,1.6328,1.6163,1.6022,1.59,1.5796,1
1.3,478,0.71,0.71,6841,6841,0,1,0.038665,0.038293,0.033998,0.033626,1.26429,2.5688,2.5505,2.5279,2.4994,2.4623,2.4126,2.3435,2.2447,2.1096,1.9693,1.881,1.8343,1.805,1.782,1.7624,1.7452,1.7299,1.7165,1.7046,1.6941,1.6849,1
1.3,436,0.67,0.67,6342,6342,0,1,0.0362,0.036504,0.036903,0.037207,1.27302,2.5905,2.5703,2.5457,2.5149,2.4754,2.4235,2.3527,2.2536,2.1181,1.9746,1.8811,1.8279,1.7925,1.7638,1.739,1.7168,1.6971,1.6796,1.6642,1.6508,1.6391,1
1,316,0.4,0.278,4324,4324,0,1,0.0022677,0.0029268,0.0025968,0.003256,8.6565,1.7,1.6884,1.6743,1.6567,1.6341,1.6044,1.5637,1.505,1.4157,1.288,1.1786,1.1276,1.1028,1.0869,1.0756,1.0672,1.0603,1.0546,1.0495,1.0449,1.0407,1
1,446,0.413,0.278,4324,4324,0,1,0.0026416,0.0024336,0.0026934,0.0024853,8.88629,1.7389,1.7238,1.7054,1.6826,1.6535,1.6152,1.5634,1.491,1.3894,1.2634,1.1656,1.1212,1.1013,1.0898,1.0822,1.0766,1.0723,1.0686,1.0655,1.0627,1.0602,1
2,352,2.613,0.363,4793,5302,0,1,0.010289,0.0087873,0.0077952,0.0062935,3.90495,2.4211,2.4002,2.3746,2.3425,2.3012,2.2462,2.1701,2.0604,1.9001,1.7195,1.6301,1.6004,1.5845,1.5696,1.5536,1.5362,1.5184,1.501,1.4849,1.4704,1.4576,1
2,536,2.613,0.363,4793,5302,0,1,0.018106,0.01576,0.013682,0.011336,2.7914,2.5536,2.5325,2.5066,2.4742,2.4323,2.3763,2.2983,2.1838,2.0141,1.8313,1.7456,1.7079,1.6789,1.6506,1.6237,1.5994,1.5784,1.5606,1.5457,1.5332,1.5225,1
2,492,2.613,0.363,4793,5302,0,1,0.026385,0.021225,0.022106,0.016946,2.06685,2.7377,2.7169,2.6915,2.6597,2.6186,2.5639,2.4876,2.3752,2.2026,1.9792,1.8443,1.7883,1.7525,1.7226,1.6975,1.6765,1.659,1.6443,1.6318,1.6209,1.6114,1
2,369,0.39,0.31,4690,4690,0,1,0.035803,0.03225,0.031371,0.027819,2.09195,2.866,2.8442,2.8175,2.7842,2.7413,2.6843,2.6049,2.4882,2.3073,2.06,1.9056,1.8313,1.7566,1.6572,1.5558,1.4779,1.4234,1.3848,1.3566,1.3352,1.3184,2
2,318,0.31,0.47,4690,4690,0,1,0.09759,0.10538,0.085226,0.093011,3.34719,3.168,3.1405,3.1068,3.0645,3.0101,2.9375,2.8362,2.6864,2.453,2.1339,1.8602,1.67,1.5677,1.5096,1.4712,1.4427,1.4204,1.4026,1.3881,1.3761,1.3661,2
2,386,0.31,0.31,4690,4690,0,1,0.050352,0.050781,0.043511,0.04394,3.31381,2.859,2.8338,2.8031,2.7647,2.7155,2.6502,2.5601,2.4303,2.2437,2.0304,1.8552,1.7032,1.5955,1.5288,1.4859,1.4555,1.4326,1.4145,1.3999,1.388,1.378,2
2,458,0.31,0.31,4690,4690,0,1,0.048966,0.041046,0.042824,0.034904,2.95098,2.9362,2.9129,2.8844,2.8486,2.8024,2.7408,2.6546,2.5271,2.3297,2.071,1.8857,1.7496,1.6313,1.5391,1.4698,1.4158,1.3737,1.3411,1.316,1.2963,1.2807,2
2,389,0.31,0.31,4690,4690,0,1,0.034049,0.031594,0.031025,0.028569,2.2153,2.9066,2.8832,2.8545,2.8185,2.7721,2.71,2.6227,2.4924,2.2889,2.0374,1.8935,1.7997,1.7114,1.6298,1.5635,1.5125,1.4737,1.4439,1.4206,1.4021,1.3871,2
0.75,458.9,0.59,0.8,4591.06,4591.06,0,1,0.023116,0.022443,0.017229,0.016557,1.8944,2.5534,2.5341,2.5104,2.4808,2.4428,2.3923,2.3227,2.223,2.0787,1.9072,1.8007,1.7455,1.7106,1.684,1.6623,1.6442,1.629,1.6162,1.6052,1.5957,1.5874,2
0.75,458.9,0.59,0.8,4591.06,4591.06,0,1,0.02367,0.023626,0.018296,0.018253,1.80237,2.6034,2.5837,2.5596,2.5294,2.4906,2.4392,2.3688,2.2687,2.1249,1.9483,1.8238,1.7623,1.7251,1.6967,1.6735,1.6542,1.6379,1.6241,1.6123,1.6022,1.5933,2
0.75,458.9,0.59,0.8,4591.06,4591.06,0,1,0.026356,0.025294,0.020691,0.019629,1.72455,2.6407,2.6204,2.5955,2.5644,2.5246,2.472,2.4001,2.2978,2.1507,1.9706,1.8436,1.781,1.7438,1.7156,1.6927,1.6736,1.6576,1.6441,1.6326,1.6227,1.6142,2
1,458.9,0.51,0.8,4591.06,4591.06,0,1,0.016211,0.012559,0.01155,0.007898,2.55706,2.2363,2.2224,2.2054,2.1843,2.1572,2.1214,2.072,2.0005,1.8941,1.7584,1.6627,1.6207,1.5965,1.5756,1.555,1.5339,1.5128,1.4923,1.4735,1.4567,1.442,2
0.5,295.3,0.5,0.5,5540.2,5055,0,1,0.028667,0.026413,0.027229,0.024976,1.48917,2.5207,2.503,2.4812,2.4538,2.4186,2.3717,2.3071,2.2151,2.0855,1.9386,1.8386,1.7848,1.7513,1.7254,1.7039,1.6855,1.6695,1.6555,1.6433,1.6326,1.6231,2
0.5,166.63,0.5,0.5,5624.6,5090.24,0,1,0.022678,0.023743,0.024568,0.025632,1.50582,2.5728,2.5524,2.5274,2.4961,2.4557,2.4021,2.3286,2.2245,2.0807,1.9208,1.8257,1.7767,1.7441,1.7178,1.6955,1.6759,1.6586,1.6433,1.6299,1.618,1.6077,2
0.5,275.6,0.5,0.5,5554.27,5230.85,0,1,0.043935,0.048005,0.041468,0.045538,1.62711,2.6737,2.6521,2.6256,2.5925,2.5499,2.4936,2.4168,2.3095,2.1648,2.0178,1.9203,1.8336,1.6984,1.5261,1.403,1.3292,1.2829,1.2517,1.2292,1.2123,1.1991,2
0.5,194.04,0.5,0,5455.8,0,0,1,0.036495,0.036146,0.037867,0.037519,1.95071,2.6562,2.6363,2.612,2.5815,2.5423,2.4904,2.4193,2.3183,2.1747,2.006,1.8804,1.781,1.6618,1.5301,1.4298,1.3641,1.3204,1.2898,1.2673,1.2501,1.2366,2
0.5,294.6,0,0.5,0,5048,0,1,0.026753,0.035229,0.024791,0.033267,4.34817,2.5909,2.571,2.5466,2.5161,2.477,2.4251,2.3535,2.2501,2.0988,1.908,1.7298,1.537,1.368,1.2746,1.2278,1.2005,1.182,1.1683,1.1573,1.1483,1.1407,2
0.5,216.55,0.25,0.5,5062.11,5062.11,0,1,0.033038,0.037376,0.0357,0.040038,1.50633,2.5632,2.5459,2.5247,2.4983,2.4644,2.4197,2.3586,2.2719,2.1479,1.9984,1.8847,1.8098,1.7413,1.6651,1.592,1.5339,1.4911,1.4597,1.4361,1.4178,1.4032,2
2,352,0.31,0.31,4690,4690,0,1,0.061537,0.042985,0.048877,0.030325,3.44723,2.8457,2.8219,2.7928,2.7564,2.7096,2.6471,2.5599,2.4303,2.2264,1.9684,1.8119,1.6891,1.5885,1.512,1.4549,1.4119,1.379,1.3536,1.3336,1.3175,1.3043,3
2,369,0.39,0.31,4690,4690,0,1,0.084086,0.061611,0.063065,0.04059,3.30815,3.0078,2.9844,2.9558,2.9201,2.8742,2.8132,2.7287,2.6048,2.4117,2.1362,1.9157,1.7277,1.5589,1.4415,1.366,1.3159,1.2812,1.256,1.2371,1.2225,1.2108,3
2,369,0.39,0.31,4690,4690,0,1,0.14378,0.091343,0.10155,0.049106,4.07925,3.1047,3.0793,3.0483,3.0096,2.9598,2.8938,2.8025,2.6695,2.465,2.1763,1.925,1.7002,1.5538,1.4788,1.4367,1.4097,1.3909,1.3771,1.3665,1.3581,1.3513,3
2,318,0.31,0.47,4690,4690,0,1,0.16098,0.1541,0.16832,0.16145,3.314,3.3393,3.3098,3.2738,3.2287,3.1708,3.0938,2.9866,2.8281,2.5779,2.2135,1.8764,1.6659,1.5719,1.5246,1.4965,1.4781,1.465,1.4552,1.4476,1.4416,1.4366,3
2,386,0.31,0.31,4690,4690,0,1,0.10045,0.095247,0.093283,0.088075,3.12542,3.1216,3.0945,3.0613,3.0198,2.9662,2.8948,2.7952,2.6485,2.4228,2.1326,1.8946,1.7127,1.6043,1.5421,1.5028,1.4751,1.4542,1.4378,1.4244,1.4134,1.4041,3
2,386,0.31,0.31,4690,4690,0,1,0.06619,0.06781,0.058357,0.059977,2.87435,2.9889,2.962,2.9289,2.8877,2.8347,2.7644,2.6672,2.5257,2.3153,2.0693,1.8825,1.7298,1.625,1.5602,1.5186,1.4896,1.4681,1.4513,1.4378,1.4265,1.4169,3
2,320,0.39,0.47,4690,4690,0,1,0.094713,0.079583,0.063403,0.048274,3.21369,3.063,3.0382,3.008,2.97,2.9213,2.8563,2.7659,2.6327,2.4233,2.1145,1.8835,1.7438,1.6417,1.5713,1.5239,1.4907,1.4663,1.4476,1.4327,1.4205,1.4103,3
2,458,0.31,0.31,4690,4690,0,1,0.086484,0.066059,0.063164,0.042739,3.67773,3.0308,3.0062,2.9761,2.9385,2.8901,2.8255,2.7354,2.6019,2.3943,2.1166,1.8954,1.7147,1.5808,1.496,1.4408,1.4019,1.3729,1.3504,1.3326,1.3182,1.3062,3
2,389,0.31,0.31,4690,4690,0,1,0.051139,0.042106,0.044846,0.035813,2.75485,2.9768,2.9519,2.9212,2.8829,2.8334,2.7673,2.6745,2.5367,2.3238,2.0703,1.9077,1.7725,1.654,1.5706,1.5177,1.4826,1.4576,1.4388,1.424,1.4122,1.4024,3
2,389,0.31,0.31,4690,4690,0,1,0.15665,0.10473,0.10941,0.057481,3.58668,3.1784,3.1508,3.117,3.0747,3.0202,2.9477,2.8465,2.697,2.4658,2.1665,1.9269,1.7239,1.6018,1.5332,1.4902,1.4604,1.4384,1.4215,1.4082,1.3973,1.3884,3
0.75,458.9,0.59,0.8,4591.06,4591.06,0,1,0.037375,0.035727,0.024454,0.022805,2.89015,2.6975,2.6766,2.6511,2.6192,2.5783,2.5245,2.4509,2.3462,2.1956,2.01,1.8688,1.7531,1.5872,1.4187,1.3163,1.2577,1.2209,1.1957,1.1772,1.163,1.1516,3
0.75,458.9,0.59,0.8,4591.06,4591.06,0,1,0.068766,0.054131,0.046589,0.031954,4.49744,2.7954,2.7737,2.7472,2.7141,2.6718,2.616,2.5396,2.4307,2.2716,2.0667,1.8769,1.6542,1.4542,1.3471,1.2903,1.2547,1.2296,1.2108,1.1961,1.1843,1.1746,3
0.75,458.9,0.59,0.8,4591.06,4591.06,0,1,0.090751,0.068074,0.063204,0.040527,4.42089,2.8451,2.8229,2.7958,2.7619,2.7187,2.6617,2.5836,2.4723,2.3091,2.0943,1.8834,1.6416,1.4655,1.3802,1.3354,1.3076,1.2884,1.2742,1.2632,1.2545,1.2473,3
1,458.9,0.51,0.8,4591.06,4591.06,0,1,0.03751,0.033307,0.01617,0.011967,7.87216,2.4119,2.396,2.3765,2.3523,2.3212,2.2802,2.2235,2.1414,2.0184,1.8577,1.7187,1.5239,1.2885,1.1658,1.1078,1.0741,1.0514,1.0349,1.0222,1.012,1.0037,3
1,458.9,0.51,0.8,4591.06,4591.06,0,1,0.079866,0.060962,0.03233,0.013426,7.81699,2.516,2.4974,2.4747,2.4466,2.4106,2.3632,2.2986,2.2069,2.075,1.9111,1.7493,1.5044,1.3376,1.2727,1.242,1.2234,1.2104,1.2006,1.1928,1.1864,1.181,3
1,458.9,0.51,0.8,4591.06,4591.06,0,1,0.1318,0.090921,0.059661,0.018777,7.93034,2.6049,2.5853,2.5615,2.5319,2.4941,2.4444,2.3767,2.2806,2.1415,1.9635,1.7706,1.5072,1.3818,1.3391,1.3197,1.3086,1.3011,1.2956,1.2913,1.2879,1.285,3
0.5,254.93,0.59,0.26,4436.38,4330.92,0,1,0.026881,0.031629,0.025318,0.030067,1.59909,2.6145,2.5939,2.5686,2.5371,2.4966,2.4433,2.3705,2.2679,2.1243,1.9617,1.8532,1.7945,1.756,1.7252,1.699,1.6762,1.6559,1.6377,1.6213,1.6067,1.5936,3
0.5,254.93,0.59,0.26,4436.38,4330.92,0,1,0.090792,0.12431,0.046995,0.080518,5.01238,2.8726,2.8478,2.8175,2.78,2.7322,2.6696,2.585,2.4669,2.3021,2.1034,1.8948,1.6221,1.4382,1.3637,1.3294,1.3097,1.2968,1.2876,1.2807,1.2754,1.271,3
1.38,256.97,0,0.25,0,4570,0,1,0.036376,0.038317,0.03918,0.041122,2.95239,2.7694,2.7464,2.7181,2.6826,2.6369,2.5758,2.4913,2.3695,2.195,1.9994,1.846,1.6962,1.5479,1.437,1.365,1.3162,1.2814,1.2557,1.2362,1.221,1.2089,3
1,252.9,0,0.25,0,4570,0,1,0.056563,0.052026,0.056958,0.052421,2.87581,2.8516,2.8271,2.7972,2.7599,2.7122,2.6493,2.5634,2.4407,2.2601,2.0255,1.8116,1.6304,1.5067,1.4342,1.3896,1.3583,1.3342,1.3148,1.2988,1.2853,1.274,3
1.5,275,0.174,0.277,5864,5864,0,1,0.043913,0.035451,0.02592,0.017457,5.67968,2.7642,2.7438,2.7189,2.6879,2.648,2.5949,2.521,2.4117,2.24,1.9923,1.7908,1.5561,1.274,1.1381,1.0818,1.0527,1.0349,1.0227,1.0138,1.007,1.0016,3
1,260,0.413,0.278,4324,4324,0,1,0.0072954,0.0082862,0.0080865,0.0090772,3.2366,2.1952,2.1783,2.1576,2.1318,2.0988,2.0552,1.9959,1.9123,1.7941,1.6505,1.5419,1.4861,1.4558,1.4345,1.4171,1.4018,1.388,1.3754,1.3641,1.3541,1.3453,3
1,260,0.413,0.278,4324,4324,0,1,0.019721,0.02149,0.022379,0.024148,12.2109,2.5318,2.512,2.4877,2.4574,2.4184,2.3666,2.295,2.1917,2.0408,1.8432,1.6293,1.3339,1.0888,0.98258,0.93313,0.90489,0.88662,0.87383,0.86435,0.85702,0.85118,3
1,260,0.413,0.278,4324,4324,0,1,0.13457,0.14652,0.16592,0.17788,4.63187,3.0571,3.0324,3.0023,2.9648,2.9167,2.853,2.7648,2.6361,2.4394,2.1503,1.788,1.52,1.4528,1.4356,1.4296,1.4269,1.4255,1.4246,1.4241,1.4237,1.4234,3
1,320,0.4,0.278,4324,4324,0,1,0.011006,0.013205,0.0099199,0.012119,2.86081,2.398,2.3811,2.3603,2.3342,2.3005,2.2553,2.1917,2.0976,1.952,1.7527,1.6147,1.5588,1.528,1.5034,1.4816,1.4618,1.4441,1.4282,1.4143,1.4022,1.3916,3
1,320,0.4,0.278,4324,4324,0,1,0.015072,0.018741,0.014241,0.017909,2.11872,2.4706,2.4532,2.4319,2.4053,2.3708,2.3249,2.2606,2.1665,2.0256,1.8458,1.7191,1.662,1.6309,1.6075,1.5874,1.5694,1.5532,1.5387,1.5259,1.5147,1.5049,3
1,320,0.4,0.278,4324,4324,0,1,0.073015,0.087265,0.059936,0.074187,6.81101,2.9055,2.883,2.8555,2.8211,2.7768,2.7177,2.6356,2.5159,2.3353,2.0817,1.7736,1.4376,1.2884,1.2383,1.216,1.2032,1.1948,1.1887,1.184,1.1803,1.1772,3
1,471,0.71,0.71,6735.4,6735.4,0,1,0.0414,0.036492,0.039437,0.03453,1.41056,2.5452,2.5263,2.5033,2.4744,2.4373,2.3882,2.3206,2.2244,2.0898,1.9405,1.8384,1.7806,1.7426,1.7117,1.6848,1.6613,1.6408,1.6231,1.608,1.5949,1.5836,3
1,471,0.83,0.83,6454,6454,0,1,0.15687,0.12239,0.088594,0.054115,3.77175,2.722,2.7009,2.6752,2.6433,2.6026,2.5494,2.478,2.3794,2.2439,2.0844,1.9245,1.6994,1.5104,1.4285,1.3935,1.3752,1.364,1.3564,1.351,1.3468,1.3436,3
1.3,478,0.71,0.71,6841,6841,0,1,0.12084,0.082239,0.086706,0.048106,3.60863,2.7329,2.7116,2.6856,2.6532,2.6114,2.556,2.4797,2.3711,2.222,2.0658,1.9261,1.7004,1.4687,1.3624,1.3176,1.2945,1.2807,1.2715,1.2648,1.2599,1.256,3
1.3,436,0.67,0.67,6342,6342,0,1,0.10639,0.07893,0.082394,0.054937,2.17057,2.7507,2.7283,2.701,2.6672,2.6241,2.5678,2.4916,2.3848,2.2361,2.0732,1.9395,1.7608,1.5384,1.3992,1.3312,1.2939,1.2705,1.2544,1.2427,1.2338,1.2268,3
1,316,0.4,0.278,4324,4324,0,1,0.017043,0.017239,0.019992,0.020188,1.8315,2.4899,2.4717,2.4494,2.4214,2.3854,2.3372,2.2706,2.1751,2.0388,1.8805,1.7695,1.7083,1.6679,1.6343,1.6043,1.5773,1.5534,1.5326,1.5146,1.4993,1.486,3
1,316,0.4,0.278,4324,4324,0,1,0.11804,0.14023,0.10754,0.12972,5.31741,2.9501,2.927,2.8989,2.8639,2.8192,2.7602,2.6793,2.563,2.3919,2.1566,1.8339,1.5039,1.4006,1.3715,1.3594,1.3527,1.3486,1.3457,1.3435,1.3419,1.3406,3
1,446,0.413,0.278,4324,4324,0,1,0.012505,0.011605,0.014244,0.013343,2.2615,2.3854,2.3672,2.3449,2.3168,2.2807,2.2325,2.1657,2.0701,1.9374,1.791,1.6851,1.6229,1.5846,1.5564,1.5335,1.5141,1.4972,1.4828,1.4705,1.46,1.4511,3
1,446,0.413,0.278,4324,4324,0,1,0.034413,0.028556,0.033074,0.027217,9.41031,2.6012,2.58,2.5541,2.5218,2.4806,2.4262,2.3517,2.2461,2.0977,1.9177,1.7193,1.42,1.175,1.0728,1.0258,0.9986,0.98072,0.96809,0.95872,0.95153,0.94586,3
1,446,0.413,0.278,4324,4324,0,1,0.13902,0.1456,0.12118,0.12776,4.88085,2.9385,2.9136,2.8832,2.8453,2.7969,2.7333,2.6471,2.5266,2.3574,2.1307,1.8115,1.5381,1.4703,1.4536,1.4469,1.4431,1.4405,1.4386,1.437,1.4357,1.4346,3
1.9,483,0.541,0.931,4222,4222,0,1,0.05636,0.031938,0.039923,0.0155,18.2324,2.6031,2.5772,2.5459,2.5071,2.4581,2.395,2.3114,2.1971,2.0365,1.815,1.5053,1.2217,1.1203,1.0764,1.0507,1.0334,1.021,1.0116,1.0043,0.99842,0.99358,3
1.9,454,0.541,0.931,4222,4222,0,1,0.090635,0.057653,0.052478,0.019496,12.5168,2.841,2.8158,2.785,2.7464,2.6969,2.6313,2.5405,2.4094,2.2149,1.9535,1.6252,1.3023,1.2105,1.1775,1.1594,1.1474,1.1388,1.1323,1.1271,1.1229,1.1195,3
1.9,460,0.541,1.862,4222,4222,0,1,0.19607,0.10181,0.1516,0.057344,6.03074,3.1042,3.0792,3.0488,3.0108,2.9621,2.8974,2.8074,2.6739,2.4598,2.1117,1.7129,1.5168,1.4733,1.4568,1.4479,1.4421,1.4379,1.4346,1.432,1.4297,1.4279,3
1,240,0.168,0.277,5864,5864,0,1,0.090118,0.046938,0.052898,0.0097186,16.2186,2.9396,2.916,2.8871,2.8509,2.8041,2.7417,2.6543,2.5248,2.3209,2.0278,1.7427,1.3547,1.2093,1.1652,1.1439,1.131,1.1222,1.1159,1.111,1.1073,1.1042,2
1.5,220,0.168,0.277,5864,5864,0,1,0.067087,0.042031,0.042024,0.016969,9.22587,2.699,2.6764,2.6489,2.6146,2.5706,2.5124,2.4323,2.3171,2.1504,1.9612,1.8016,1.4933,1.2208,1.1243,1.0855,1.0647,1.0515,1.0423,1.0354,1.0301,1.0257,2
1,240,0.174,0.277,5864,5864,0,1,0.052544,0.027337,0.034372,0.0091643,17.4854,2.9059,2.8808,2.8501,2.8118,2.7627,2.698,2.6092,2.4814,2.2885,2.0219,1.765,1.3768,1.1355,1.0553,1.0183,0.99615,0.98118,0.97036,0.96217,0.95576,0.9506,3
1,240,0.168,0.277,5864,5864,0,1,0.086711,0.045248,0.05004,0.0085763,16.9026,2.919,2.8932,2.8616,2.8221,2.7713,2.7038,2.6102,2.4737,2.2674,2.0058,1.7529,1.349,1.1934,1.1495,1.1285,1.1151,1.1054,1.098,1.0922,1.0875,1.0836,3
1,240,0.168,0.277,5864,5864,0,1,0.089557,0.036695,0.064667,0.011805,16.5871,3.024,2.9976,2.9653,2.9248,2.8728,2.8037,2.7075,2.5663,2.3479,2.0531,1.7531,1.3177,1.1812,1.1521,1.1415,1.1359,1.1324,1.1299,1.1279,1.1264,1.1252,3
1.5,261,0.174,0.277,5864,5864,0,1,0.13121,0.07484,0.078582,0.022216,8.19812,2.7918,2.7689,2.7409,2.7059,2.661,2.6015,2.519,2.3987,2.2178,2.0116,1.8393,1.5327,1.354,1.2955,1.2703,1.256,1.2467,1.24,1.235,1.2311,1.2279,3
1.5,246,0.168,0.277,5864,5864,0,1,0.10748,0.071109,0.059155,0.022781,7.886,2.8056,2.7814,2.7519,2.715,2.6676,2.6049,2.5186,2.3944,2.2138,2.0119,1.8406,1.5436,1.3335,1.2575,1.224,1.205,1.1927,1.1839,1.1773,1.1722,1.1681,3
0.88,288,0.231,0.278,4324,4324,0.1,0,0.00076203,0.0017865,0.0003565,0.001381,22.9949,1.4866,1.472,1.4541,1.432,1.404,1.3675,1.3186,1.2517,1.1627,1.063,0.98548,0.93974,0.91327,0.89566,0.88305,0.87338,0.86557,0.85902,0.85338,0.84844,0.84406,1
0.88,320,0.231,0.278,4324,4324,0.1,0,0.0034913,0.0021951,0.0033523,0.0020561,8.88662,1.8746,1.8571,1.8357,1.8089,1.7746,1.7295,1.6678,1.5799,1.4515,1.2903,1.1877,1.1614,1.1593,1.1596,1.1584,1.1564,1.1539,1.1513,1.1488,1.1463,1.1438,1
0.88,288,0.231,0.278,4324,4324,0.1,0,0.039529,0.033666,0.038423,0.032561,8.39444,2.6237,2.6029,2.5774,2.5457,2.505,2.4516,2.3788,2.2752,2.1227,1.9134,1.6769,1.3947,1.2179,1.1409,1.1007,1.0753,1.0574,1.0441,1.034,1.0259,1.0194,2
0.88,320,0.231,0.278,4324,4324,0.1,0,0.01308,0.012061,0.012136,0.011117,2.68727,2.4214,2.403,2.3805,2.3524,2.3162,2.2682,2.202,2.1061,1.9629,1.774,1.6382,1.5775,1.5418,1.5107,1.4799,1.4498,1.4223,1.3986,1.379,1.363,1.3498,3
0.88,320,0.231,0.278,4324,4324,0.1,0,0.020813,0.017592,0.021647,0.018426,3.50326,2.5702,2.5502,2.5256,2.4947,2.4551,2.4025,2.33,2.2255,2.071,1.8716,1.722,1.6176,1.4745,1.3065,1.1921,1.1241,1.0811,1.0517,1.0303,1.0142,1.0015,3
0.69,205,0.32,0.26,4904,7627,0.095,0,0.0086511,0.0044614,0.0049838,0.00079407,15.5794,2.1426,2.1219,2.0965,2.0649,2.0244,1.9709,1.8978,1.7939,1.6442,1.4559,1.3112,1.2408,1.2035,1.177,1.1559,1.1381,1.1229,1.1099,1.0988,1.0892,1.0809,1
0.69,205,0.32,0.26,4904,7627,0.095,0,0.012901,0.0063507,0.0080994,0.001549,10.4915,2.3504,2.3312,2.3077,2.2784,2.2407,2.1905,2.121,2.0191,1.8607,1.6255,1.4317,1.3512,1.3113,1.2832,1.261,1.2424,1.2266,1.2132,1.2017,1.1918,1.1833,1
0.69,205,0.32,0.26,4904,7627,0.095,0,0.01602,0.0092101,0.0095226,0.002713,7.59016,1.9888,1.9741,1.9562,1.9338,1.9052,1.8674,1.8156,1.7411,1.6298,1.4902,1.4655,1.429,1.386,1.3525,1.3256,1.3037,1.2856,1.2707,1.2582,1.2477,1.2387,1
0.69,205,0.32,0.26,4904,7627,0.095,0,0.038283,0.027515,0.020443,0.0096758,11.1585,2.2552,2.2371,2.2148,2.1871,2.1516,2.1047,2.0403,1.948,1.8121,1.6473,1.5687,1.3802,1.1734,1.0654,1.014,0.98502,0.96624,0.9529,0.94286,0.93498,0.92862,3
0.69,205,0.32,0.26,4904,7627,0.095,0,0.092998,0.051203,0.058645,0.01685,13.4518,2.5446,2.5243,2.4995,2.4686,2.4291,2.3767,2.3046,2.2006,2.0447,1.8357,1.639,1.3751,1.2369,1.1856,1.1614,1.1472,1.1378,1.131,1.1259,1.1218,1.1186,3
0.69,205,0.32,0.26,4904,7627,0.095,0,0.11969,0.063917,0.07565,0.019881,11.1749,2.7052,2.6824,2.6545,2.6197,2.575,2.5155,2.433,2.313,2.1342,1.9044,1.6789,1.4256,1.31,1.267,1.2459,1.2333,1.2247,1.2186,1.2139,1.2103,1.2074,3
0.69,205,0.32,0.26,4904,7627,0.095,0,0.13828,0.075397,0.084332,0.021451,10.3363,2.7691,2.7461,2.7179,2.6826,2.6373,2.5772,2.4937,2.3724,2.1899,1.9428,1.6958,1.4415,1.3343,1.2961,1.2777,1.2667,1.2594,1.2541,1.2502,1.2471,1.2446,3
0.69,249,0.31,0.26,4904,7627,0.05,0,0.0075219,0.0046648,0.0036614,0.00080434,14.3944,1.9507,1.9345,1.9149,1.8905,1.8594,1.8185,1.7627,1.6829,1.5644,1.4075,1.2871,1.2149,1.1731,1.1428,1.1183,1.0977,1.0802,1.0653,1.0527,1.0421,1.0331,0
0.88,325.5,0.231,0.278,4324,4324,0.05,0,0.0038945,0.0034446,0.0048901,0.0044401,5.54031,1.9025,1.8873,1.8687,1.8457,1.8163,1.7776,1.7246,1.6496,1.5442,1.4273,1.3524,1.3146,1.2913,1.2738,1.2596,1.2472,1.2359,1.2251,1.2148,1.2051,1.196,0
0.69,249,0.31,0.26,4904,7627,0.05,0,0.015679,0.0091681,0.0079879,0.0014767,11.1847,2.3653,2.3443,2.3185,2.2862,2.2448,2.1899,2.114,2.0039,1.8361,1.5885,1.3957,1.3144,1.2758,1.2496,1.2294,1.2131,1.1998,1.1886,1.1792,1.1712,1.1643,1
0.88,325.5,0.231,0.278,4324,4324,0.05,0,0.012421,0.012426,0.013555,0.01356,3.16,2.4366,2.4156,2.39,2.3581,2.3174,2.2639,2.1914,2.0896,1.9464,1.7726,1.6388,1.5611,1.5067,1.4577,1.412,1.3712,1.3369,1.309,1.2868,1.2689,1.2544,1
0.88,326,0.231,0.278,4324,4324,0.05,0,0.0026115,0.0024595,0.0024911,0.0023392,9.6164,1.711,1.6967,1.6793,1.6575,1.6296,1.5927,1.5418,1.4692,1.3674,1.2517,1.1706,1.1313,1.1112,1.0976,1.0874,1.0791,1.0721,1.0662,1.0611,1.0565,1.0525,1
0.69,249,0.31,0.26,4904,7627,0.05,0,0.020899,0.011778,0.011451,0.0023304,8.60771,2.3559,2.3361,2.312,2.2819,2.2433,2.1924,2.1222,2.0206,1.8661,1.6463,1.475,1.3968,1.3571,1.3293,1.308,1.2909,1.2768,1.2649,1.2549,1.2462,1.2387,2
0.69,249,0.31,0.26,4904,7627,0.05,0,0.030364,0.02069,0.012732,0.0030573,15.2684,2.4345,2.4149,2.391,2.3612,2.3232,2.273,2.2041,2.1041,1.9496,1.7113,1.4855,1.3171,1.1536,1.0305,0.95975,0.91887,0.89316,0.87567,0.863,0.85339,0.84583,2
0.69,249,0.31,0.26,4904,7627,0.05,0,0.075636,0.04774,0.033533,0.0056371,16.8439,2.6966,2.6732,2.6448,2.6094,2.5642,2.5045,2.4223,2.3025,2.1155,1.8313,1.5569,1.3172,1.1889,1.1321,1.1037,1.0871,1.0761,1.0683,1.0624,1.0578,1.0541,3
0.69,249,0.31,0.26,4904,7627,0.05,0,0.094248,0.058315,0.043064,0.0071316,14.6024,2.7784,2.7556,2.7277,2.6928,2.6482,2.5889,2.5067,2.386,2.1963,1.8962,1.5847,1.3489,1.2368,1.1893,1.1661,1.1527,1.1438,1.1375,1.1328,1.129,1.1259,3
0.88,326,0.231,0.278,4324,4324,0.05,0,0.018704,0.016607,0.015667,0.01357,4.27186,2.5247,2.5059,2.4828,2.4537,2.4163,2.3663,2.2968,2.1957,2.0448,1.8453,1.6823,1.5639,1.412,1.2486,1.1418,1.079,1.0395,1.0128,0.99353,0.979,0.96765,3
0.77,516,0.3,0.3,4904,4904,0.022,0,0.0077585,0.0047625,0.0034712,0.00047515,19.464,1.8956,1.8782,1.8571,1.8309,1.7974,1.7534,1.693,1.6063,1.4788,1.3188,1.2044,1.1509,1.1242,1.1074,1.0954,1.0859,1.0781,1.0714,1.0655,1.0602,1.0554,1
0.77,516,0.3,0.3,4904,4904,0.022,0,0.010492,0.0057377,0.0057247,0.00097013,12.3798,2.0795,2.06,2.0362,2.0068,1.9695,1.9207,1.8543,1.7599,1.6229,1.455,1.3299,1.2632,1.2264,1.2019,1.1842,1.1706,1.1598,1.151,1.1436,1.1373,1.1319,1
0.77,520,0.3,0,4904,0,0.022,0,0.017998,0.011245,0.009739,0.0029856,7.0788,2.4437,2.4211,2.3934,2.3588,2.3144,2.2557,2.1748,2.0589,1.8893,1.6713,1.5052,1.424,1.3837,1.3573,1.3378,1.3225,1.31,1.2997,1.2911,1.2838,1.2775,1
0.77,520,0.3,0,4904,0,0.022,0,0.0222,0.014536,0.011599,0.0039349,6.92307,2.5083,2.4858,2.4584,2.424,2.3799,2.3213,2.2403,2.123,1.9468,1.7072,1.5283,1.4431,1.3936,1.3511,1.3099,1.2719,1.2397,1.2136,1.1928,1.176,1.1624,1
0.77,516,0.3,0.3,4904,4904,0.022,0,0.014346,0.0070637,0.0086529,0.0013706,10.7881,2.3904,2.3686,2.3418,2.3084,2.2652,2.2076,2.127,2.0077,1.8227,1.5721,1.3934,1.319,1.282,1.2581,1.2411,1.2283,1.2182,1.21,1.2033,1.1977,1.1928,2
0.77,520,0.3,0,4904,0,0.022,0,0.026952,0.020457,0.012008,0.0055128,8.26257,2.5541,2.5314,2.5037,2.4691,2.4247,2.3658,2.2843,2.166,1.988,1.7428,1.5449,1.4194,1.3137,1.2215,1.1548,1.11,1.0793,1.0573,1.041,1.0284,1.0184,2
0.77,520,0.3,0,4904,0,0.022,0,0.055783,0.039645,0.027543,0.011405,12.4619,2.7885,2.7638,2.7337,2.696,2.6475,2.583,2.4933,2.3618,2.1587,1.8599,1.5765,1.3645,1.2343,1.1647,1.1254,1.1002,1.0825,1.0692,1.0589,1.0507,1.044,2
0.77,520,0.3,0,4904,0,0.022,0,0.083778,0.061397,0.038811,0.01643,12.6249,2.8819,2.8553,2.8229,2.7824,2.7304,2.6614,2.5656,2.4255,2.2105,1.8948,1.5835,1.3778,1.2877,1.2486,1.2283,1.2155,1.2065,1.1996,1.1942,1.1897,1.1859,2
0.77,516,0.3,0.3,4904,4904,0.022,0,0.10048,0.055342,0.05125,0.0061162,15.7536,2.8091,2.7822,2.7492,2.7079,2.6547,2.584,2.4858,2.3427,2.1264,1.8215,1.4835,1.2751,1.2061,1.1783,1.1637,1.1544,1.1479,1.143,1.1393,1.1363,1.1338,3
0.77,516,0.3,0.3,4904,4904,0.022,0,0.20323,0.11511,0.10273,0.014617,9.52,3.0292,3.001,2.9665,2.9234,2.8679,2.7939,2.6912,2.5404,2.3064,1.9458,1.5506,1.4055,1.3746,1.364,1.3592,1.3566,1.3551,1.3542,1.3536,1.3532,1.3529,3
0.77,520,0.3,0,4904,0,0.022,0,0.12101,0.090351,0.052521,0.021863,11.6393,2.9725,2.9451,2.9116,2.8698,2.8163,2.7453,2.6474,2.5047,2.2852,1.9496,1.5892,1.3965,1.3381,1.3169,1.3059,1.2987,1.2932,1.2889,1.2853,1.2823,1.2798,3
0.94,253,0.67,0.67,4200,4200,0,0,0.010111,0.0095544,0.010194,0.0096375,2.78454,2.5787,2.5579,2.5323,2.5004,2.4594,2.4049,2.3295,2.2195,2.0531,1.8387,1.6958,1.6317,1.5951,1.568,1.5462,1.5279,1.5123,1.4988,1.4872,1.4771,1.4684,0
0.94,253,0.67,0.67,4200,4200,0,0,0.011249,0.011266,0.010852,0.010869,2.58315,2.5891,2.5686,2.5434,2.5118,2.4709,2.4163,2.3408,2.2316,2.0705,1.8687,1.7297,1.6635,1.6242,1.5946,1.5705,1.5503,1.5331,1.5183,1.5055,1.4944,1.4847,0
0.94,253,0.67,0.67,4200,4200,0,0,0.012325,0.013036,0.012916,0.013627,2.27245,2.6544,2.6336,2.6083,2.5765,2.5355,2.481,2.4052,2.2948,2.1292,1.9165,1.7709,1.7048,1.6659,1.6364,1.6122,1.5917,1.5742,1.5593,1.5464,1.5353,1.5257,0
0.94,253,0.67,0.67,4200,4200,0,0,0.013485,0.013685,0.014799,0.014999,2.14628,2.6797,2.6595,2.6346,2.6032,2.5627,2.5083,2.4323,2.3206,2.1528,1.9404,1.7971,1.7304,1.6904,1.6598,1.6348,1.614,1.5966,1.5819,1.5694,1.5588,1.5497,0
0.94,253,0.67,0.67,4200,4200,0,0,0.013934,0.014166,0.016116,0.016348,2.06674,2.6935,2.6735,2.6489,2.618,2.578,2.5243,2.449,2.3379,2.1699,1.9559,1.8118,1.7461,1.7074,1.6781,1.6544,1.6347,1.6182,1.6043,1.5925,1.5824,1.5738,0
0.94,253,0.67,0.67,4200,4200,0,0,0.013936,0.014228,0.016152,0.016445,2.06618,2.6941,2.6742,2.6497,2.6188,2.5787,2.525,2.4497,2.3384,2.17,1.9556,1.8122,1.7473,1.7089,1.6796,1.6558,1.6361,1.6195,1.6055,1.5937,1.5836,1.5748,0
0.54,492,1,1,4200,4200,0,0,0.0052703,0.0041789,0.0045224,0.003431,5.81583,2.2082,2.1915,2.1712,2.1456,2.1128,2.0689,2.0076,1.917,1.7766,1.5864,1.4546,1.4043,1.3774,1.3534,1.3287,1.3038,1.2804,1.2596,1.2418,1.227,1.2146,0
0.54,492,1,1,4200,4200,0,0,0.0092198,0.0087034,0.0082262,0.0077099,3.38101,2.4733,2.4556,2.4339,2.4068,2.3718,2.3251,2.2596,2.1619,2.0081,1.793,1.6402,1.5748,1.5355,1.5031,1.4751,1.4511,1.4309,1.4143,1.4007,1.3895,1.3803,0
0.54,492,1,1,4200,4200,0,0,0.011371,0.011078,0.01252,0.012227,2.50845,2.6569,2.6369,2.6123,2.5813,2.5413,2.4877,2.4125,2.3009,2.1273,1.8917,1.7338,1.6667,1.6262,1.5937,1.5655,1.5407,1.5189,1.5,1.4839,1.4703,1.4587,0
0.54,492,1,1,4200,4200,0,0,0.014681,0.014309,0.015644,0.015272,2.09106,2.7472,2.7269,2.702,2.6707,2.6304,2.5764,2.5004,2.3871,2.209,1.9636,1.8012,1.7337,1.6925,1.6593,1.6311,1.6063,1.5847,1.5658,1.5495,1.5353,1.5231,0
0.54,492,1,1,4200,4200,0,0,0.014992,0.014614,0.01614,0.015762,2.05801,2.752,2.7313,2.706,2.6743,2.6333,2.5786,2.5017,2.387,2.207,1.9624,1.806,1.741,1.7009,1.6685,1.6408,1.6164,1.5949,1.5761,1.5597,1.5455,1.5333,0
0.54,492,1,1,4200,4200,0,0,0.019302,0.019431,0.020177,0.020306,1.77234,2.7904,2.7673,2.739,2.7036,2.658,2.5975,2.5138,2.3925,2.2121,1.9897,1.857,1.7985,1.7612,1.7313,1.7061,1.6843,1.6654,1.649,1.6347,1.6222,1.6112,0
0.54,548,0.67,0.67,4200,4200,0,0,0.0012297,0.00086443,0.0019737,0.0016084,16.3931,1.6572,1.6421,1.6238,1.6009,1.5717,1.5332,1.4807,1.4069,1.3071,1.208,1.157,1.1391,1.1305,1.1226,1.1139,1.1047,1.0957,1.0873,1.0797,1.0727,1.0665,0
0.54,548,0.67,0.67,4200,4200,0,0,0.0051548,0.0040995,0.0051321,0.0040767,5.62394,2.1461,2.1282,2.1064,2.0794,2.0449,1.9998,1.9383,1.8508,1.7242,1.5707,1.4606,1.4048,1.3717,1.3461,1.3245,1.3056,1.2891,1.2748,1.2623,1.2515,1.2421,0
0.54,548,0.67,0.67,4200,4200,0,0,0.0055249,0.0042979,0.0053571,0.0041301,5.36135,2.2322,2.2133,2.1902,2.1613,2.1243,2.0751,2.0071,1.909,1.766,1.5936,1.4738,1.4163,1.3831,1.3578,1.3364,1.3179,1.3017,1.2875,1.2752,1.2644,1.255,0
0.54,548,0.67,0.67,4200,4200,0,0,0.0063866,0.0051466,0.0057902,0.0045501,5.01618,2.2973,2.2781,2.2546,2.2252,2.1875,2.1375,2.0681,1.9673,1.8191,1.6353,1.5019,1.4364,1.3986,1.3699,1.346,1.3255,1.3078,1.2927,1.2797,1.2685,1.2587,0
0.54,548,0.67,0.67,4200,4200,0,0,0.0065893,0.0052724,0.0058894,0.0045725,4.98642,2.2977,2.2781,2.2542,2.2243,2.1859,2.1351,2.0648,1.9632,1.8153,1.636,1.5081,1.4442,1.4062,1.3768,1.3522,1.331,1.3127,1.2971,1.2838,1.2723,1.2625,0
0.54,548,0.67,0.67,4200,4200,0,0,0.0083532,0.0071125,0.0072232,0.0059824,4.0318,2.369,2.3502,2.327,2.298,2.2606,2.2109,2.1424,2.0439,1.8996,1.7165,1.578,1.5068,1.4654,1.435,1.4109,1.3913,1.3751,1.3615,1.3501,1.3404,1.3321,0
0.94,295,0.33,0.33,4200,4200,0,0,0.0065689,0.0052975,0.0055267,0.0042553,5.7476,2.3775,2.3561,2.3299,2.2973,2.2555,2.1999,2.1228,2.01,1.8433,1.6559,1.5589,1.5201,1.4981,1.4805,1.4645,1.4493,1.4347,1.4211,1.4087,1.3976,1.3879,0
0.94,295,0.33,0.33,4200,4200,0,0,0.0094652,0.008038,0.0084091,0.0069819,4.32603,2.4889,2.4669,2.4404,2.4075,2.3658,2.3111,2.2364,2.1289,1.9705,1.7796,1.659,1.6014,1.5654,1.5359,1.5098,1.4864,1.4661,1.4487,1.434,1.4217,1.4114,0
0.94,295,0.33,0.33,4200,4200,0,0,0.011149,0.0099257,0.0097047,0.0084811,3.3769,2.6497,2.6271,2.5995,2.5648,2.5199,2.4596,2.3748,2.2491,2.0608,1.8479,1.7319,1.6826,1.6519,1.6267,1.605,1.586,1.5699,1.5563,1.5449,1.5353,1.5273,0
0.94,295,0.33,0.33,4200,4200,0,0,0.010907,0.0097967,0.0094999,0.0083892,3.39035,2.6697,2.6465,2.618,2.5822,2.5361,2.4746,2.389,2.2641,2.0761,1.8506,1.7268,1.6745,1.6435,1.6191,1.5985,1.5809,1.5659,1.5535,1.5431,1.5345,1.5273,0
0.94,295,0.33,0.33,4200,4200,0,0,0.010945,0.0097458,0.0099057,0.0087061,3.35682,2.6325,2.6075,2.5772,2.5393,2.491,2.4275,2.3409,2.2181,2.0435,1.8455,1.7297,1.6778,1.6452,1.6192,1.5973,1.5784,1.5623,1.5488,1.5375,1.528,1.52,0
0.94,295,0.33,0.33,4200,4200,0,0,0.015246,0.012978,0.012548,0.01028,2.85764,2.6563,2.6337,2.606,2.5714,2.5271,2.4683,2.3872,2.2695,2.0964,1.8973,1.7857,1.7383,1.7096,1.6865,1.6668,1.6497,1.6351,1.6227,1.6121,1.603,1.5951,0
0.94,253,0.67,0.67,4200,4200,0,0,0.019093,0.01972,0.020842,0.021469,1.69287,2.7975,2.7748,2.7469,2.7117,2.6662,2.6054,2.5207,2.3968,2.2121,1.9947,1.869,1.8123,1.7777,1.7512,1.7299,1.7121,1.697,1.6841,1.6728,1.6628,1.6539,1
0.94,253,0.67,0.67,4200,4200,0,0,0.040942,0.035256,0.03118,0.025494,3.84982,2.8697,2.8464,2.818,2.7825,2.737,2.6766,2.593,2.4715,2.288,2.0649,1.9212,1.758,1.4802,1.2757,1.1774,1.1249,1.0927,1.071,1.0553,1.0434,1.0341,1
0.54,492,1,1,4200,4200,0,0,0.023922,0.02275,0.02499,0.023819,1.6182,2.8122,2.7893,2.7611,2.7259,2.6807,2.6209,2.5385,2.4202,2.2454,2.0273,1.8962,1.837,1.7978,1.7655,1.7378,1.7137,1.6924,1.6737,1.6574,1.6431,1.6306,1
0.54,492,1,1,4200,4200,0,0,0.026824,0.02543,0.026908,0.025514,1.55315,2.8373,2.8132,2.7837,2.7467,2.6992,2.6363,2.5499,2.4263,2.2458,2.0316,1.9115,1.8543,1.8151,1.783,1.756,1.7329,1.713,1.6958,1.6809,1.668,1.6566,1
0.54,548,0.67,0.67,4200,4200,0,0,0.010992,0.0092112,0.0082982,0.0065174,4.61635,2.3783,2.3595,2.3364,2.3075,2.2706,2.2219,2.1551,2.0595,1.9182,1.7363,1.589,1.469,1.3017,1.1289,1.0218,0.95994,0.92133,0.89531,0.8767,0.86278,0.85198,1
0.54,548,0.67,0.67,4200,4200,0,0,0.023247,0.022381,0.010292,0.0094254,18.1378,2.5711,2.5507,2.5257,2.4946,2.4546,2.4017,2.3286,2.2229,2.064,1.8499,1.6417,1.3719,1.1201,1.0133,0.96761,0.94255,0.9264,0.91493,0.90626,0.89941,0.89381,1
0.5,254.93,0.37,1.61,3213,3873.93,0,0,0.014977,0.011806,0.010903,0.0077315,2.65509,2.5476,2.5302,2.5088,2.482,2.4474,2.4012,2.3364,2.2399,2.0859,1.8607,1.7107,1.6638,1.6394,1.617,1.5944,1.572,1.5508,1.5315,1.5147,1.5003,1.488,1
0.5,254.93,0.37,1.61,3213,3873.93,0,0,0.026061,0.022845,0.021425,0.018208,1.87066,2.7452,2.7246,2.6994,2.668,2.6275,2.5738,2.4992,2.3895,2.2219,2.0038,1.8625,1.8,1.7603,1.725,1.6895,1.6533,1.6191,1.5891,1.5642,1.5438,1.5271,1
1.15,254.93,0.5,0.4,4843.67,4843.67,0,0,0.021455,0.0159,0.018244,0.012689,2.2945,2.4593,2.4401,2.4168,2.3879,2.351,2.3028,2.2376,2.1467,2.0218,1.8855,1.803,1.7631,1.7359,1.7119,1.6905,1.6717,1.6557,1.642,1.6305,1.6206,1.6122,1
0.88,305,0.231,0.278,4324,4324,0,0,0.0063316,0.0061149,0.0071365,0.0069198,3.94485,2.0283,2.0116,1.9913,1.9661,1.9341,1.8927,1.838,1.765,1.6697,1.5609,1.4752,1.4264,1.3982,1.3784,1.3626,1.349,1.3364,1.3244,1.313,1.3022,1.2921,1
0.88,316,0.231,0.278,4324,4324,0,0,0.0051527,0.00475,0.0067653,0.0063626,5.18747,1.9237,1.909,1.8913,1.8694,1.8419,1.8062,1.7588,1.6932,1.6005,1.4838,1.3907,1.3451,1.3219,1.3045,1.2884,1.2724,1.2567,1.2419,1.2286,1.217,1.2071,1
0.54,548,0.67,0.67,4200,4200,0,0,0.03001,0.027921,0.0152,0.013111,11.8991,2.7397,2.7169,2.6889,2.6538,2.6087,2.5489,2.4668,2.3494,2.1781,1.9567,1.7503,1.4778,1.2075,1.0919,1.043,1.0162,0.99875,0.98614,0.97647,0.96872,0.96232,2
0.94,295,0.33,0.33,4200,4200,0,0,0.068715,0.037518,0.049968,0.018771,7.41619,2.9767,2.9506,2.9189,2.8794,2.8289,2.7625,2.6713,2.5393,2.3385,2.0682,1.8525,1.6174,1.4451,1.3643,1.3214,1.2937,1.2738,1.2586,1.2465,1.2366,1.2283,3
1.15,254.93,0.5,0.4,4843.67,4843.67,0,0,0.030562,0.025105,0.024792,0.019335,1.84353,2.7251,2.7019,2.6736,2.6382,2.5928,2.5328,2.4503,2.3326,2.1627,1.9777,1.8791,1.8187,1.7447,1.6295,1.513,1.4304,1.3757,1.3383,1.3114,1.2913,1.2756,3
1.15,254.93,0.5,0.4,4843.67,4843.67,0,0,0.051961,0.036975,0.037436,0.022449,2.82816,2.7886,2.7648,2.7358,2.6995,2.6532,2.5922,2.5091,2.3913,2.2198,2.0187,1.8911,1.7511,1.5281,1.3427,1.2419,1.1851,1.1494,1.125,1.1072,1.0937,1.083,3
0.88,305,0.231,0.278,4324,4324,0,0,0.084863,0.15538,0.10565,0.17616,4.84759,2.9502,2.9258,2.8959,2.8587,2.811,2.748,2.6614,2.5364,2.3493,2.0889,1.7821,1.5543,1.4899,1.4697,1.4596,1.453,1.4481,1.4443,1.4412,1.4386,1.4364,3
0.88,316,0.231,0.278,4324,4324,0,0,0.010123,0.012374,0.012101,0.014352,3.24703,2.2971,2.2785,2.2559,2.2278,2.192,2.1452,2.0815,1.9912,1.8608,1.7003,1.5843,1.5268,1.4929,1.4664,1.4439,1.4244,1.4073,1.3926,1.3798,1.3687,1.359,3
0.88,316,0.231,0.278,4324,4324,0,0,0.13518,0.162,0.1554,0.18221,3.93894,2.9511,2.9271,2.8977,2.8612,2.8147,2.7533,2.6687,2.5454,2.355,2.0739,1.7661,1.5851,1.5264,1.504,1.4928,1.486,1.4813,1.4777,1.4747,1.4723,1.4702,3
0.88,305,0.231,0.278,4324,4324,0,0,0.011749,0.011791,0.01109,0.011132,2.70236,2.3378,2.3194,2.2968,2.2687,2.2326,2.185,2.1201,2.0287,1.9009,1.7516,1.6402,1.5803,1.5452,1.5179,1.4933,1.4702,1.4488,1.4296,1.4129,1.3985,1.3863,3
